species	dex	kind	upstream_path	git_blob	size	sha256	local_path
TURTWIG	387	back	graphics/pokedex/pokeback/0387.png	6e5411e68361fdebd72db409e1f37da8c90a2433	723	d8f1d69ffc519bf604c319c92421cd7ea40994d3f9b0b3e2a59015822f9c98b8	assets/starter_species_67/battle/normal/back/0387.png
TURTWIG	387	back_shiny	graphics/pokedex/pokebackshiny/0387s.png	bf05ecfaa21e86f6b253640407c3b6417c14c1c5	723	55e7b921a5b2ee21f60c7b54c0d5f61e10f1eb9a18784a6b967f316703221a1d	assets/starter_species_67/battle/shiny/back/0387.png
TURTWIG	387	character	graphics/characters/0387.png	3f2950291452b1510a2a3494b319f2e1ca75d24c	1472	74fd19f629449ff5e6d83a83e8c23a3af62d8b8608130915e8647073a35d5085	assets/starter_species_67/source/characters/normal/0387.png
TURTWIG	387	character_shiny	graphics/characters/0387s.png	e8da22c410b9b0b55af2255673bfd6108bf881dc	1474	3ab91a95ee1a9f58040c42e1e2a0f5a7072de55edf062fe78715799d7aa05060	assets/starter_species_67/source/characters/shiny/0387.png
TURTWIG	387	cry	audio/se/cries/0387.ogg	aa1e90a4b207bf69340a6190a837ace79d3e4982	9217	f8b2a209282132ba6dd5628276cafc8836063406eceae42dec313897df86e72a	assets/starter_species_67/cries/0387.ogg
TURTWIG	387	data	Data/Studio/pokemon/turtwig.json	8cb677a0ade5dd0242c62a2e9b91ba6bb3bbdaba	8183	56ecae22700b38f13827efccedb6943cb2070be8a864c7c11b48f8451ab54ba9	assets/starter_species_67/source/pokemon/turtwig.json
TURTWIG	387	front	graphics/pokedex/pokefront/0387.png	f0b9c1ea9731d004b0280d8f6989d84a39fdd319	774	ddf4b7c40feedede3f444549d44fecde7da016ca2ed6493d6b1d095a35feae5c	assets/starter_species_67/battle/normal/front/0387.png
TURTWIG	387	front_shiny	graphics/pokedex/pokefrontshiny/0387s.png	335a10885d0e719648299802b8c766665b541a15	771	31fd6345f2b402426b5ce111b8f4ccbfe303facea1308c94d7c307fe2a8aa2e5	assets/starter_species_67/battle/shiny/front/0387.png
TURTWIG	387	icon	graphics/pokedex/pokeicon/0387.png	259205d4727621457cd372b57302572ac9f32079	977	e4a6806bd10c5fdb223d5e8219eac0b5563df893b2380e279fdfeabf2349ea26	assets/starter_species_67/source/icons/normal/0387.png
TURTWIG	387	icon_shiny	graphics/pokedex/pokeicon/0387s.png	a5b2ca5d3010f6daf2cbc1f317ef79744dd818bf	531	34bb8b0e82afad329aa1b355bf04889b4a1877f8bb909c46009e6935320ce3b5	assets/starter_species_67/source/icons/shiny/0387.png
GROTLE	388	back	graphics/pokedex/pokeback/0388.png	6b39952c7a9910ad1210a89fe8acb9849d69f435	1446	db2b983fd64afefd7334663eb72bd446f7c3484a152c6e57d3448a2b2539a5d9	assets/starter_species_67/battle/normal/back/0388.png
GROTLE	388	back_shiny	graphics/pokedex/pokebackshiny/0388s.png	2b869fec56ef3a65656deff51d51f0e9d8228d92	1427	a2ddfc0349427e280af9a82874fe9c2d68529bf0f1559cbbd00deb2a8efafb77	assets/starter_species_67/battle/shiny/back/0388.png
GROTLE	388	character	graphics/characters/0388.png	e7ea4807e23cd06d912e4d30601778d7e810f1e1	1992	355287f065e3ee201f35e581e276242b752d51b2b512402bd36579f8ab6f51e7	assets/starter_species_67/source/characters/normal/0388.png
GROTLE	388	character_shiny	graphics/characters/0388s.png	487e75385f6e5fc40784c47e3d44a2b5ff8b412b	1997	99c727cbad1deeb8b0c555bb80bc70d6fec63700cb7eff2973ad6351ec0db76e	assets/starter_species_67/source/characters/shiny/0388.png
GROTLE	388	cry	audio/se/cries/0388.ogg	a0210430a8de748ed501301a49ea8e18e5992bda	9713	319e4b581a95609df542444789b898bd9c12a3ad209fb188d57b67c009abecd1	assets/starter_species_67/cries/0388.ogg
GROTLE	388	data	Data/Studio/pokemon/grotle.json	80c05423e0657f291a5f791b1953927eb8e6092c	6845	325b59ace561ec97f01e005879be927b20dd4487c4b96aa3d8c35e0552b52a4d	assets/starter_species_67/source/pokemon/grotle.json
GROTLE	388	front	graphics/pokedex/pokefront/0388.png	49460a0f2823f41afa264f48921810d8011a09ea	1547	c39b17255087d957f74858b4ec9a0898c202ebee8876f612bf34de920405a790	assets/starter_species_67/battle/normal/front/0388.png
GROTLE	388	front_shiny	graphics/pokedex/pokefrontshiny/0388s.png	44619a915683f8c00118d179a4e62972aeaf63ab	1545	254af1330572cb7ee82e147df275d0596441a5c4d49a44bf405c5fbc6495980a	assets/starter_species_67/battle/shiny/front/0388.png
GROTLE	388	icon	graphics/pokedex/pokeicon/0388.png	91e7fc1480657f4e78b04800eb643b2197883b21	875	748922313643e4860d40bda105a6b09548ba4f79102993bc9c2dd8dfb55ca2aa	assets/starter_species_67/source/icons/normal/0388.png
GROTLE	388	icon_shiny	graphics/pokedex/pokeicon/0388s.png	4900a6f2fc0a4b83012b67fbdc921926f7396469	546	2552a1e7ebe425073bb10961dfd3c134839c56ad364459bb84c39956c8219459	assets/starter_species_67/source/icons/shiny/0388.png
TORTERRA	389	back	graphics/pokedex/pokeback/0389.png	f665750470e18b56710bce6548671c6befaf94a3	1884	8b4be8121403d10dda959957c568d34fa2ece7b1d9d55a02c079e05598bd0f95	assets/starter_species_67/battle/normal/back/0389.png
TORTERRA	389	back_shiny	graphics/pokedex/pokebackshiny/0389s.png	4cbb321870b270c4b941d4c158866cdb2e4ecd43	1905	2b1cbb26061fee8e90a86150ed36240ae15f17490c96d983ed29ffd7d4550ce6	assets/starter_species_67/battle/shiny/back/0389.png
TORTERRA	389	character	graphics/characters/0389.png	2e0267fead90d5d2f0f15afc85cb964bd1422821	2962	b99e934f81f6acb69f1dc800d0adae4799cda9bea2c11171e2daa7eca0b4f6ab	assets/starter_species_67/source/characters/normal/0389.png
TORTERRA	389	character_shiny	graphics/characters/0389s.png	a895691bdfdc2cb2a544c7e1f6c010484a1881c3	2934	d7e86c26450b4b996b8379d112a5c354625197561d4ed1310172304ec16e0ebc	assets/starter_species_67/source/characters/shiny/0389.png
TORTERRA	389	cry	audio/se/cries/0389.ogg	8f42ba6405bd0d3fb6c836ec7e93d652ab69ab14	17440	8e012e5c253bc62be511259a2dd98f07995bbc0ec3ae4ac649f1b0f8dd2ae241	assets/starter_species_67/cries/0389.ogg
TORTERRA	389	data	Data/Studio/pokemon/torterra.json	50d3bdd00abac33e994a880c29b21060e1ea88aa	8458	6d013cfdc1aecf4bb71127e70fe011316b03082ca35a646b83e7df6125534e4b	assets/starter_species_67/source/pokemon/torterra.json
TORTERRA	389	front	graphics/pokedex/pokefront/0389.png	063b62fdfa1770acaf74aef3e3604e370f757216	1970	ccd3c1a455514b393ef38696eec34460503bf3f6f28be73280fad48527cbf186	assets/starter_species_67/battle/normal/front/0389.png
TORTERRA	389	front_shiny	graphics/pokedex/pokefrontshiny/0389s.png	cff54e4ed34b52bab5d5845b76a2cefb826f1361	1996	b1a791acee212ef0c92fcfd37454c06573509511ae72056659f2e93a969286ba	assets/starter_species_67/battle/shiny/front/0389.png
TORTERRA	389	icon	graphics/pokedex/pokeicon/0389.png	576c25c9c03bd5e6c53f2181b209e3647df9c791	1141	1cf3bd6b3d8e22e338ba53eed787d685fa955fcb2d32c5990de7de9bdc7ae595	assets/starter_species_67/source/icons/normal/0389.png
TORTERRA	389	icon_shiny	graphics/pokedex/pokeicon/0389s.png	d113470b88a3b67e5a924a62cda38421c194d7d4	734	23f37558f2ab2837552e95fb8e44b1b8aaa451ba6ef439194df28d7e3a4676e6	assets/starter_species_67/source/icons/shiny/0389.png
CHIMCHAR	390	back	graphics/pokedex/pokeback/0390.png	0d05e5de3e7dff6ff5b60f07b11d5d31ecb44123	750	fd28aec97f2bb1c1dc8bf2b794fb7515f720f84ca8ee2f6b7eb12aa949640f2e	assets/starter_species_67/battle/normal/back/0390.png
CHIMCHAR	390	back_shiny	graphics/pokedex/pokebackshiny/0390s.png	3cfaee0b33633cde7167bb655d45b01d20614521	748	895740cc76ed94c848062272328a7de744b4dbd626b0b20a7131f982f837cbe2	assets/starter_species_67/battle/shiny/back/0390.png
CHIMCHAR	390	character	graphics/characters/0390.png	4e0ed4d1eb80bff672d0d9f17039a8c3d582da5f	1665	6e6d7e3fc486ccfa6844a5fee6f9b26e5991d8a9fda1c781adc353adafe6404e	assets/starter_species_67/source/characters/normal/0390.png
CHIMCHAR	390	character_shiny	graphics/characters/0390s.png	1f979c393d7b82410940ab9fa3e5174881f1f7c9	1665	f0be44c269734b713e08042d676c27b327ff989cc9b3c24200c72113cdf9c5f3	assets/starter_species_67/source/characters/shiny/0390.png
CHIMCHAR	390	cry	audio/se/cries/0390.ogg	bf00597349236a8886bcec1eb0afbac994c1fbb8	14469	59355ca6015051fcb2ad3e60b41a000562479dd306a84477430fa727a6e5814e	assets/starter_species_67/cries/0390.ogg
CHIMCHAR	390	data	Data/Studio/pokemon/chimchar.json	1b5b0e11d052200daf5e92a82856da2946d5a196	9306	805710d6ff6db5f9de4cd96355c48389741201af79a10bfa0bc2774dae6cfce4	assets/starter_species_67/source/pokemon/chimchar.json
CHIMCHAR	390	front	graphics/pokedex/pokefront/0390.png	2f893e84d66e17d0e7a3a8423f6bf1d03bd1d9c0	872	9d549a52551f27b467d40655d15cd4299920e93a20fca18e83f877c16dc3b159	assets/starter_species_67/battle/normal/front/0390.png
CHIMCHAR	390	front_shiny	graphics/pokedex/pokefrontshiny/0390s.png	44fd6be98fcf63ae765def1860068d089cbc8e73	864	6c29836131591f4cce1c7f065076aa051d9fbd237b930bc7695c875288d184e4	assets/starter_species_67/battle/shiny/front/0390.png
CHIMCHAR	390	icon	graphics/pokedex/pokeicon/0390.png	4875d4e4d96e67126b98421c63300f8235aa3340	1073	8b5c39fdd5667dfc920d70ee7bd953597321f58f280d9081104d6b438e0c681f	assets/starter_species_67/source/icons/normal/0390.png
CHIMCHAR	390	icon_shiny	graphics/pokedex/pokeicon/0390s.png	5ffd2cd3367b41ea3eb0189ed8fd3d4bd72bdc9f	693	d185ec74f286d9a422acbb1f6708e105658ff6d9b2e157688fdfa68d283ea4eb	assets/starter_species_67/source/icons/shiny/0390.png
MONFERNO	391	back	graphics/pokedex/pokeback/0391.png	63d700a5987217c93f7675660d643b7914df03fa	1083	2a4a8094be892e3a0b8d60667f09dc9a0becfed13c890dad14b148875e05ec4a	assets/starter_species_67/battle/normal/back/0391.png
MONFERNO	391	back_shiny	graphics/pokedex/pokebackshiny/0391s.png	e42e284bd012b3e33b6e79fbd93b845adfa6ca4c	1085	4ec57f203acf3967176b0b0758d805a0bf7aef51fdbd45761ebe771f96c08b8f	assets/starter_species_67/battle/shiny/back/0391.png
MONFERNO	391	character	graphics/characters/0391.png	528201d9d5d1ccbee6167b141364970009e1c9b6	2316	8993e13da2d20b1448f1a84b3e834fc9ce2603a5222548f8a108195d3e29fbe6	assets/starter_species_67/source/characters/normal/0391.png
MONFERNO	391	character_shiny	graphics/characters/0391s.png	c7b717241465cf2a67954e300fe5e38843bbf5a4	2307	ba464603a13e0a0b63c791908b6f118edc23810b0b3ef8cc61113702a18a50bb	assets/starter_species_67/source/characters/shiny/0391.png
MONFERNO	391	cry	audio/se/cries/0391.ogg	e4e16f6280ee9c035c6ebe9401eaa97293f91e5b	14006	b578c6cf721ab9df33f2f00c70605f7964a25ae7b9cd3a4728b17cb9024159d0	assets/starter_species_67/cries/0391.ogg
MONFERNO	391	data	Data/Studio/pokemon/monferno.json	ca220f792f16d42ec3743a3a1d4673aee779a075	8604	f597728cf6c3768971f03f7a807fed04781ec1b8458c2b837b39689ea43edb71	assets/starter_species_67/source/pokemon/monferno.json
MONFERNO	391	front	graphics/pokedex/pokefront/0391.png	f203e19607a67c70775ff5a769835aa0f5aa8e9f	1211	c986af47a187bc62463dd8c97dea3ed5552f729599229417fe043d099f3202c8	assets/starter_species_67/battle/normal/front/0391.png
MONFERNO	391	front_shiny	graphics/pokedex/pokefrontshiny/0391s.png	f80cb1185f9e2627ea3332486d05032d44ca9045	1218	79f8a34f665238202e2f0ceef8cd3e27c2690afe6123bc5d624fd9d800243bd2	assets/starter_species_67/battle/shiny/front/0391.png
MONFERNO	391	icon	graphics/pokedex/pokeicon/0391.png	8f2af2997f7ecd6f210a65ccdb4f8c0c813961ac	1276	8d7fc7632021632c0ddaaccad04888302e13490b60f845b3ed8cd9449ac66d12	assets/starter_species_67/source/icons/normal/0391.png
MONFERNO	391	icon_shiny	graphics/pokedex/pokeicon/0391s.png	e210144e97c27a8c9e3a882f29d7c79550b97e78	703	c49207a942506c662964161a475c867ce1b6d60769c48a40c8a7812c8735805d	assets/starter_species_67/source/icons/shiny/0391.png
INFERNAPE	392	back	graphics/pokedex/pokeback/0392.png	a3c018c7b78d2b48abe0b82a25c0659ea87911b9	1447	3250d315730a0e15bd1c3cf3d85495b20077224edffced8c2a540a4e2439cedc	assets/starter_species_67/battle/normal/back/0392.png
INFERNAPE	392	back_shiny	graphics/pokedex/pokebackshiny/0392s.png	c5de8002c02c369f2448db7add7d981106997c46	1458	5003566d8ac495da7cd685ca834d108302235383a5c2f7f49d126e2559ea4932	assets/starter_species_67/battle/shiny/back/0392.png
INFERNAPE	392	character	graphics/characters/0392.png	7f904d7a84a5a454bf582dc68fe25e0eab8480aa	3054	95133eaa70c23e3ae25d6cdaff1c35df2dc4ff8fa1866181cdf43abcdb120fe8	assets/starter_species_67/source/characters/normal/0392.png
INFERNAPE	392	character_shiny	graphics/characters/0392s.png	4c6045cbb4cc5307add972a49e60b3ce0749e8a3	3067	72f1e490938798f510f3b7ac8983be991ac84165b753cc6b82f37ce3e8ecd2f6	assets/starter_species_67/source/characters/shiny/0392.png
INFERNAPE	392	cry	audio/se/cries/0392.ogg	8fe8dffa72f69ab534e48966d792cbab0c394cc2	16711	7e6af6cfcbc4935b1e1b9e308d561e35c4af01c3cb2f99507b044569379c08c0	assets/starter_species_67/cries/0392.ogg
INFERNAPE	392	data	Data/Studio/pokemon/infernape.json	f2c8c4fd206587e18a999c8d542e0eb256104ef8	9544	5990b14b7df7b372035b24464bbb36edf62e283fd7f635e0bd76afd7bb592de8	assets/starter_species_67/source/pokemon/infernape.json
INFERNAPE	392	front	graphics/pokedex/pokefront/0392.png	cd25f0d42d7a3b9084164fdd3c5c0bc0c1732882	1610	750e51974deee8923cb04f2ad9bfd4059e48a98a5cc9124b53910c87fce83b5d	assets/starter_species_67/battle/normal/front/0392.png
INFERNAPE	392	front_shiny	graphics/pokedex/pokefrontshiny/0392s.png	ef3f3e15605b2323d5a9fa444ad9157422dc4f50	1623	bd4e968db1b45c0def95a00488ab9a2102588307893206e77860cc40d4f2f243	assets/starter_species_67/battle/shiny/front/0392.png
INFERNAPE	392	icon	graphics/pokedex/pokeicon/0392.png	66f62a0c7253bd7e31a701979a68dcd3c7af63f3	1084	4de858166a70044f8e7beb0c2b0bec1018e61ba2acad972b5701b37a24b4c0ed	assets/starter_species_67/source/icons/normal/0392.png
INFERNAPE	392	icon_shiny	graphics/pokedex/pokeicon/0392s.png	9fdd07c338d3a5e4ee8824e49cb007e64cf14bfe	716	5d55ccbd4a8370201c38437d517ff8857bf4fe2cad7af082c18e89a9de0cfe58	assets/starter_species_67/source/icons/shiny/0392.png
PIPLUP	393	back	graphics/pokedex/pokeback/0393.png	28f05d10faf2a28669dc06cb93b11306951665d9	611	d0d80199a88272239433625429c110a1a624342fa26130a116c172ccd24fcd46	assets/starter_species_67/battle/normal/back/0393.png
PIPLUP	393	back_shiny	graphics/pokedex/pokebackshiny/0393s.png	4cc010b4b13a0bfeadb2d1dc8f9d884b1e1cf62b	611	2aefc2781c1a7cedf50777b453ce322b9f1c93b182b2412fed84ca945c51e7ff	assets/starter_species_67/battle/shiny/back/0393.png
PIPLUP	393	character	graphics/characters/0393.png	c42cc32713416e99eeb6868c2527dbc87cca3ed7	1307	c0530c2652d4eb6cde0c2106eeb5a2b836120c8d7dfcdccfd2fef339a38a34d2	assets/starter_species_67/source/characters/normal/0393.png
PIPLUP	393	character_shiny	graphics/characters/0393s.png	e6fa23892cbdea16e8b9f63008f2b5347d71b4d2	1307	1afcff4e843053feae38d8ee32ebda37ab07c7577b57ff696f45ad86dc7716ef	assets/starter_species_67/source/characters/shiny/0393.png
PIPLUP	393	cry	audio/se/cries/0393.ogg	19d17fee534faeab186960bea10eab38f02bb675	8448	41a2d8768503d568b39d19242882bfcf12045e5c0e241d4cb5c4c7cacc570d0c	assets/starter_species_67/cries/0393.ogg
PIPLUP	393	data	Data/Studio/pokemon/piplup.json	a40f7c034bcbdbc75b8836add882c404066f2255	7954	602baacf81c45b19c18bf6f9e50fe32b5370328badad188a28a2a9711c42c488	assets/starter_species_67/source/pokemon/piplup.json
PIPLUP	393	front	graphics/pokedex/pokefront/0393.png	b7f636857a6e8c934a769568fc2ed67796942979	689	bc72539544dad7ce1b43311e0e7040ba7ebdafea1336255fe16cf37163c2023a	assets/starter_species_67/battle/normal/front/0393.png
PIPLUP	393	front_shiny	graphics/pokedex/pokefrontshiny/0393s.png	20b2460ff8f10abe6c3747720a8810907504720e	687	2e3804d04826fe8335cb2c2ccf9b487c1b55d29264a8f6fc484d971922c15d6a	assets/starter_species_67/battle/shiny/front/0393.png
PIPLUP	393	icon	graphics/pokedex/pokeicon/0393.png	5f0aaa8d4f7c56c711bb81def8e438eedce32baa	854	850e2faeb997820447ffaddda8065409abf8c4df0dc17e47932f969e1b213e09	assets/starter_species_67/source/icons/normal/0393.png
PIPLUP	393	icon_shiny	graphics/pokedex/pokeicon/0393s.png	85b4d9e252445775c79390c03de593ee25fb7369	535	64e82da3600905373c8dbc94edfec94e3384df3c883d1822ed4bc27f3d15c341	assets/starter_species_67/source/icons/shiny/0393.png
PRINPLUP	394	back	graphics/pokedex/pokeback/0394.png	106941466f3cc0c0721229313a34007431b978b0	929	7acdc3e9737f2225136cde9c37be389f14642992a432e468f0e6a115930cda18	assets/starter_species_67/battle/normal/back/0394.png
PRINPLUP	394	back_shiny	graphics/pokedex/pokebackshiny/0394s.png	4a321d498f68be44b16c45c3bc454c99288ddc8f	953	5b2a71bd0aab44c8210ee3937b2f2b9991aecc6efe07ff6c41b013855e82e5e0	assets/starter_species_67/battle/shiny/back/0394.png
PRINPLUP	394	character	graphics/characters/0394.png	3b0368b38778651fa94f5399649373f39cb406a7	2000	bae8a1ac376c576708df7da9bbe56462eed4dd4ebfe435f61f4aebfdad4930c3	assets/starter_species_67/source/characters/normal/0394.png
PRINPLUP	394	character_shiny	graphics/characters/0394s.png	e00a21d8c123a2f1d78dff219c00fdb61da4faa9	2000	a2fd72d8b6b6472c1706e1a5b5885a2c0a5f973e66ed56dd16b4d3fb15495c27	assets/starter_species_67/source/characters/shiny/0394.png
PRINPLUP	394	cry	audio/se/cries/0394.ogg	cfa66fcb2ae3e00e5d37e3d1ff1d801ea5558a28	11268	ddd4b781c49a07bc6824b23e6b47921727e6f7e491cbc59dc269b771e19e6b1f	assets/starter_species_67/cries/0394.ogg
PRINPLUP	394	data	Data/Studio/pokemon/prinplup.json	283fcabfac650a57c632701423ae02bdaa52cabd	7391	11b50036652f320f5150ef09f143fbaa253c3c860a20c5bcd787132ad1599618	assets/starter_species_67/source/pokemon/prinplup.json
PRINPLUP	394	front	graphics/pokedex/pokefront/0394.png	015395fa336c4e232aef6c015eb5630ffca5f657	1086	64654171639e0d7c5d8e406b55f90f649f15e9a79f67734d8d002949d9bae7ad	assets/starter_species_67/battle/normal/front/0394.png
PRINPLUP	394	front_shiny	graphics/pokedex/pokefrontshiny/0394s.png	0717b984914f083ee4195e3bd75d2e7ada6bce4b	1095	4487e79398e008956d08dc8eac835e8c667def0499da19a7d6f6d4f8048c9964	assets/starter_species_67/battle/shiny/front/0394.png
PRINPLUP	394	icon	graphics/pokedex/pokeicon/0394.png	8ccaa6a3030936220d996b924448f49a02782b79	827	dd800a9828e942607671c605807c4243bcebc1513f5bc7dc6de4b5af08ba6375	assets/starter_species_67/source/icons/normal/0394.png
PRINPLUP	394	icon_shiny	graphics/pokedex/pokeicon/0394s.png	aa94b79ec045542de1871fca57c0b3a7dbf897aa	511	9dcba91ca98a79c44820633c9ed52d3fe2e92c7b6cdd02af19b87485be74e0c2	assets/starter_species_67/source/icons/shiny/0394.png
EMPOLEON	395	back	graphics/pokedex/pokeback/0395.png	bda59bcb5658bcca42e914fde3702678b5ec5257	1416	ee0ed81ba413b97170fee2a06929baa4386461f957cd340bb3c62c5c0f0b804c	assets/starter_species_67/battle/normal/back/0395.png
EMPOLEON	395	back_shiny	graphics/pokedex/pokebackshiny/0395s.png	59b702e0bbdb25f54f637281523c78d848719f5e	1386	53d3af8d2ae3981ac2e9a0f444cb3ec865fa6b3cd165503f59a5c240c706f606	assets/starter_species_67/battle/shiny/back/0395.png
EMPOLEON	395	character	graphics/characters/0395.png	13396db734b953588918bc16fbcddd256e73003a	2556	8f1409e48644bbf08bd666985ce896f72e77cd75f17ab96a31c8cd7675f6e6f2	assets/starter_species_67/source/characters/normal/0395.png
EMPOLEON	395	character_shiny	graphics/characters/0395s.png	8bcf5af7827e995f6825d3a8e3f579a9438de1a5	2558	13113ecc389046cb4182498138215a0f53ce036bfb53ed14a5f8b5de4a0b2cf5	assets/starter_species_67/source/characters/shiny/0395.png
EMPOLEON	395	cry	audio/se/cries/0395.ogg	2950f5959f50c9b94b48a708c144089e0414e38e	13776	269fec2678afc1a92ae0445b0bb0a6915b67b3df282b2d69c089e8b091137f5c	assets/starter_species_67/cries/0395.ogg
EMPOLEON	395	data	Data/Studio/pokemon/empoleon.json	baf57f5dc030bffbe3c36bb2ffe4123187d6fa7a	8779	988f23b3272f347eea6dfe5d2148f00cc2f171566e405e0cac06681a15b27cf7	assets/starter_species_67/source/pokemon/empoleon.json
EMPOLEON	395	front	graphics/pokedex/pokefront/0395.png	6e2838a423f7f926eedd1f4c7586774fe053e6c0	1629	07608bc2bd6e5722d8336dddd67e3340cf3858b3f5241c60ea949cef7334ad25	assets/starter_species_67/battle/normal/front/0395.png
EMPOLEON	395	front_shiny	graphics/pokedex/pokefrontshiny/0395s.png	c79ca5c4520b9f608fb6e580a8983513aa62c88a	1590	18064e2679d2b3e393cfffe5d003bc4680eb0ec9abe8ea1a787ed7b9e8c27dfe	assets/starter_species_67/battle/shiny/front/0395.png
EMPOLEON	395	icon	graphics/pokedex/pokeicon/0395.png	46bb3889c21a4f8119562155bfe2d24c0015fcf6	1094	5d014a5322d24024772c9b2f6ee0a61887b347d70f3f6e24c4abf193dec975d9	assets/starter_species_67/source/icons/normal/0395.png
EMPOLEON	395	icon_shiny	graphics/pokedex/pokeicon/0395s.png	ff339134082cd7aaa0730ea21844534fe976c101	612	8b52bf3a540c733f2df43f405e938351bb64b5af340ea2643722054be8615cd4	assets/starter_species_67/source/icons/shiny/0395.png
SNIVY	495	back	graphics/pokedex/pokeback/0495.png	e203f2cfcd34d377eae63833a1c5a143d1dfa7ca	717	152cc84a407e9604f5aa696214413686cc27a50dbefcf8926bd8f9e21e200188	assets/starter_species_67/battle/normal/back/0495.png
SNIVY	495	back_shiny	graphics/pokedex/pokebackshiny/0495s.png	2410b850fd2923a3a3c81c1a168fd0c3b8c6932e	715	8b8eb0a6b4e7f79fb2e6fe4d0a75e9183225871292a2988c7d4d269cf68606bc	assets/starter_species_67/battle/shiny/back/0495.png
SNIVY	495	character	graphics/characters/0495.png	d618133b9d3c9cd498075c2c8efe44ac416d2b43	1669	dfdefec56c8896b52c6ab22f267e20ed72d78ec7579735d11341f37a7f37e480	assets/starter_species_67/source/characters/normal/0495.png
SNIVY	495	character_shiny	graphics/characters/0495s.png	f8f23c5541c3fdf8a8bc29ad73199b32c966a693	1647	73a33c6ee84b772d6e40fc6d04e1748296a124f2b13638fa0dc3fea1e08d3035	assets/starter_species_67/source/characters/shiny/0495.png
SNIVY	495	cry	audio/se/cries/0495.ogg	b58bb273547c96c2d69454f52b290bbdea384be7	8583	687eb15fecd303172289437bb03de78c2d3ff328d2dd6c2cd0077d2930f3f5ea	assets/starter_species_67/cries/0495.ogg
SNIVY	495	data	Data/Studio/pokemon/snivy.json	59019f0a3d255e769eec92f57299f74b33d57eab	8321	c8f929acbc4c5daf90dc50f54e29f55e659d5dae8478d2151fba5560d0b61566	assets/starter_species_67/source/pokemon/snivy.json
SNIVY	495	front	graphics/pokedex/pokefront/0495.png	969ed112702dc1c96d1b874b44d4dcd6b19f6d01	696	f277a2f75aaa8d571717f76f92cb6239b909f1767ff58e6c84b6dc17e41516f6	assets/starter_species_67/battle/normal/front/0495.png
SNIVY	495	front_shiny	graphics/pokedex/pokefrontshiny/0495s.png	6aa0666d4b614799133df342d9ff52a4cc41ffea	693	3824edc2d7152a980b2d3593f3d6259d618236d767226744fd85d9ebb1e9e9e4	assets/starter_species_67/battle/shiny/front/0495.png
SNIVY	495	icon	graphics/pokedex/pokeicon/0495.png	463222642ef5c2caa6692d40fb261c09adfff0d1	873	58ea83b36d8311c7222f5c79ab069de41283ad4ab9c3779f758e5c0fad984648	assets/starter_species_67/source/icons/normal/0495.png
SNIVY	495	icon_shiny	graphics/pokedex/pokeicon/0495s.png	a5e31984467207393493348800325ea0431924fc	544	35a9346ee7e986ab396972d11c76f58fd61caa4df82395b422a3f4582058666e	assets/starter_species_67/source/icons/shiny/0495.png
SERVINE	496	back	graphics/pokedex/pokeback/0496.png	f772ba9eed706575e5996a7e0efa1e4fbb6695e0	884	83d2deacf0b99b88aadb7b4af9fed8340cb3993a47bed70e7695a53f9d372747	assets/starter_species_67/battle/normal/back/0496.png
SERVINE	496	back_shiny	graphics/pokedex/pokebackshiny/0496s.png	e76957f9e0c5abe45b995f1e63af6ee3e4cba801	895	1775e085751aa0edbd29202ea4cd7ca556646b9b252aca6b8c47d4fe1c966136	assets/starter_species_67/battle/shiny/back/0496.png
SERVINE	496	character	graphics/characters/0496.png	3566924d2f5732e4c73f18cea2e9c7567d97fab7	1810	5063aad86e4006ede4a3d851f67bbd384e081d4a4abe88641d97422b889f3044	assets/starter_species_67/source/characters/normal/0496.png
SERVINE	496	character_shiny	graphics/characters/0496s.png	25d6a86110f25163be93dd47873daec1464cc2b8	1785	39bbfda2c5201340df708bb4f232def3843658c1545faa684d0f2d54192e37f2	assets/starter_species_67/source/characters/shiny/0496.png
SERVINE	496	cry	audio/se/cries/0496.ogg	ac1324d131a74d25b45b11f8f3035f3588f7459d	12462	54b9b7209d7d05fb69a37d1d24c44655db6935bbb753744c856965b4eed7156a	assets/starter_species_67/cries/0496.ogg
SERVINE	496	data	Data/Studio/pokemon/servine.json	a6d8d975166b04cf857af90537d8196986a2beea	7638	43bfd6beee923085fcb7337ac7765d001452397e1ad7a70bafba69b8abced1af	assets/starter_species_67/source/pokemon/servine.json
SERVINE	496	front	graphics/pokedex/pokefront/0496.png	f633faf1f60015474fc308dabc4592ab7618da93	899	b2207d1938ae4d057f05810b296f12261bfa2148a18879791ff7b0d2960cb477	assets/starter_species_67/battle/normal/front/0496.png
SERVINE	496	front_shiny	graphics/pokedex/pokefrontshiny/0496s.png	2f974f4e9dfd28fb14f728ae21981dcd7833d359	908	6211cf9335780f3478783a7eaa34646152688be7af1de5a4879e5d55692399cb	assets/starter_species_67/battle/shiny/front/0496.png
SERVINE	496	icon	graphics/pokedex/pokeicon/0496.png	594f4bfaecdebeae2b8a5961ed4696d80bb764b2	879	a6fd90a37ca9ba7de44974b9f392d02555c2f6e3b74252689dc1831b54b82f3f	assets/starter_species_67/source/icons/normal/0496.png
SERVINE	496	icon_shiny	graphics/pokedex/pokeicon/0496s.png	6030086c0059db550f1e0b467e59f221067ba0d4	565	66f0d1ae50980b77462e72848e3f01c3393682d66187342a43c803e4b08755ad	assets/starter_species_67/source/icons/shiny/0496.png
SERPERIOR	497	back	graphics/pokedex/pokeback/0497.png	1bcd037f429c79786ab514c6f0ca3891e095490f	1506	205c0d4c48386019bec9fce4fc3cb58c7c89f2d15b31e6f378624ed573a89fb3	assets/starter_species_67/battle/normal/back/0497.png
SERPERIOR	497	back_shiny	graphics/pokedex/pokebackshiny/0497s.png	e91a395323df172c4f2372707243ad524474993a	1511	2c7a7a9a38034b79496c5139789635c20cebed819547be27af7c7545882dfa6d	assets/starter_species_67/battle/shiny/back/0497.png
SERPERIOR	497	character	graphics/characters/0497.png	285a3f5f38c23133e1f5b5444d67568be875d9b5	3267	161a29d5133d1d013db5a08a4a230f752885767a6c70944ce00c84f3f6cfb8f3	assets/starter_species_67/source/characters/normal/0497.png
SERPERIOR	497	character_shiny	graphics/characters/0497s.png	352dd722196177deff9275a51b26490bf1ce07d4	3272	e7bf1fd00ea7d156f7ce7bea84ad81bcf2cbac1c5370e807af620f31f2b8e458	assets/starter_species_67/source/characters/shiny/0497.png
SERPERIOR	497	cry	audio/se/cries/0497.ogg	fcf7a6bc15f2cbfa9d56329367174d31e6106f7c	13907	47d7a2fef897b44abd3135bd2991e05a7eb8abe740c11797535916d1e0f3dca8	assets/starter_species_67/cries/0497.ogg
SERPERIOR	497	data	Data/Studio/pokemon/serperior.json	9d0b440724108baf47636e75bb445362cedf5127	8266	043c353e41cf45c3f8f9617e2c801aab8b5b2fbf922eb3b82b44d42a1671d86c	assets/starter_species_67/source/pokemon/serperior.json
SERPERIOR	497	front	graphics/pokedex/pokefront/0497.png	36bb1a66fcb23e21adbec667030ae234e15d7449	1578	1a8735bcd3e86c714ca7e566d930cd9f381d9808b08363e0821fc58fac5b26c8	assets/starter_species_67/battle/normal/front/0497.png
SERPERIOR	497	front_shiny	graphics/pokedex/pokefrontshiny/0497s.png	59fe4ea0492e7504492965fef4e3a7f557124b29	1582	f0866766e67143b0f5e26938d3418090c9e26093f3b3e33fdab829b7288fa12a	assets/starter_species_67/battle/shiny/front/0497.png
SERPERIOR	497	icon	graphics/pokedex/pokeicon/0497.png	9716ea08535cb83da308f1a45ddd86c9bf06a3f4	1111	bc473caaa46631525e467e62f64d0ed9fb3149df85c8396575d42bfe8598e72b	assets/starter_species_67/source/icons/normal/0497.png
SERPERIOR	497	icon_shiny	graphics/pokedex/pokeicon/0497s.png	ed50e62b6a0b41e26811658cc9cdb2fdba579bc7	648	35bf84b28dba447ec3647847be5d0608657ff55e4a5b28295c8a8eda660f72d9	assets/starter_species_67/source/icons/shiny/0497.png
TEPIG	498	back	graphics/pokedex/pokeback/0498.png	470ef9b08e8c0838c8d550e221c3fdfdc93f2db3	656	5498a94ae32a02e3db15c624013c54e1be704b9df9280bb824189c6c3e1369a7	assets/starter_species_67/battle/normal/back/0498.png
TEPIG	498	back_shiny	graphics/pokedex/pokebackshiny/0498s.png	1443bd2549075fb6473f5de0acdaf1afbff980fa	660	92ae848777d8c888f634863527f4559ad281675436a24b6a2bf29885d944b001	assets/starter_species_67/battle/shiny/back/0498.png
TEPIG	498	character	graphics/characters/0498.png	2b7ae5500a4ae3e564ee6de8535d927c4a68c58a	1544	0f2ed8088067c74e44eb14b5797b71a970c69a2c68a4091cd2381bbebe19e386	assets/starter_species_67/source/characters/normal/0498.png
TEPIG	498	character_shiny	graphics/characters/0498s.png	8dc08ba27265b5a75ca61379784cb5ba85f0dab9	1552	7b3e06209ff3a7997567aa203b78bcdc92cb986984abef7ba1d63c58f05e50eb	assets/starter_species_67/source/characters/shiny/0498.png
TEPIG	498	cry	audio/se/cries/0498.ogg	b16445f19cbd7348a4fbb989e0ed55a0f2959d97	6962	7fea887b846080542877dd36418c696a87c1e9d814462994b45191ac24263f4e	assets/starter_species_67/cries/0498.ogg
TEPIG	498	data	Data/Studio/pokemon/tepig.json	2a283d8450c35fdeabad56fef38db7e1813ae41e	8239	b9dfcc36de7a32f8aa31189bf095de04dc810676d590cc5bc95f71f71bf599ae	assets/starter_species_67/source/pokemon/tepig.json
TEPIG	498	front	graphics/pokedex/pokefront/0498.png	3a74593a4da90215f1eb89a7688f144c19de8f3d	667	5584fd65d8b283ff07753e65c810274e467c9e4315ede37362b6ba1400d6dce4	assets/starter_species_67/battle/normal/front/0498.png
TEPIG	498	front_shiny	graphics/pokedex/pokefrontshiny/0498s.png	bdc60980f1031307d0ccb8894cb83a0681800739	667	a966d24988afacf8240b5ad29ea3c41b163bd97a8e17155d711ac4adc2fdf670	assets/starter_species_67/battle/shiny/front/0498.png
TEPIG	498	icon	graphics/pokedex/pokeicon/0498.png	f592697099705895a28dcfbc13d78ebc990a4219	706	8513a0a62ef88c225c7b7465dfc7b91b2caae25d7ba29223b350470b31e8c98f	assets/starter_species_67/source/icons/normal/0498.png
TEPIG	498	icon_shiny	graphics/pokedex/pokeicon/0498s.png	5b092b5f5d31d833c67426443b0ac41c06d5d7ac	419	c77e982a3521f687832719531cc1bf1dbd1b7655b6b50085a572b34e97a31ab7	assets/starter_species_67/source/icons/shiny/0498.png
PIGNITE	499	back	graphics/pokedex/pokeback/0499.png	3cb0488877afd0ffa418e14c38e271313a3232d4	1080	79ee1ced99c4e75cbb9c41c038d48526a97064d313b86e1bca35ce83e056ad3c	assets/starter_species_67/battle/normal/back/0499.png
PIGNITE	499	back_shiny	graphics/pokedex/pokebackshiny/0499s.png	b86bf42ceda30e5aa7172521d0e461a98a015b8f	1081	e257b1c216a2817a32ed96212be77c8e5d0618fe62eed23ec82860bf466a54d7	assets/starter_species_67/battle/shiny/back/0499.png
PIGNITE	499	character	graphics/characters/0499.png	13151d60ead87471a6fe9137edec05a8caf07350	2161	a5e332f7c0c07649e0997f757f2ceb2856947c41e27be492a04c8d2d0aa00aa9	assets/starter_species_67/source/characters/normal/0499.png
PIGNITE	499	character_shiny	graphics/characters/0499s.png	f0a3ea4e76263f216907f1eeba90a2b9bdedfc62	2118	8a3c9ec0df7d71c4f75df5fd0553f8cd6df0af09b9e050643344c46c7784dc5c	assets/starter_species_67/source/characters/shiny/0499.png
PIGNITE	499	cry	audio/se/cries/0499.ogg	409cc2314cf9503c4df7d0d7ca30053c19b1420e	12810	464216f927d2e25d6b76e6a177d2913e88ce53f19f76da3f66acfcebd1ba286a	assets/starter_species_67/cries/0499.ogg
PIGNITE	499	data	Data/Studio/pokemon/pignite.json	e1cea3dfe2c2dd4d56353ea3718bf82db3d3e112	8804	cb23d14eb2e547e67c63c5d50aa87486bea0c7409ab760664f2200eb76530b92	assets/starter_species_67/source/pokemon/pignite.json
PIGNITE	499	front	graphics/pokedex/pokefront/0499.png	c43df9411111c9282b8c9340eacb1abdd9a7cb15	1198	fa2557882fcee241b0000bd2469d88709a062291c99d67e0da0e5f67385db50d	assets/starter_species_67/battle/normal/front/0499.png
PIGNITE	499	front_shiny	graphics/pokedex/pokefrontshiny/0499s.png	bdfae1985779d528214c36c486d6e42b874e0784	1195	9e23fcb4746fcdae8b98b83787d6b298655bd6ccf9f92f9ea9b5699600b3b218	assets/starter_species_67/battle/shiny/front/0499.png
PIGNITE	499	icon	graphics/pokedex/pokeicon/0499.png	4e513175375183ee38395a05791fcb55b8469d48	638	7514b6d29f15decc24d0e499cd5632b2b9820f9502b34568fa6830200043518d	assets/starter_species_67/source/icons/normal/0499.png
PIGNITE	499	icon_shiny	graphics/pokedex/pokeicon/0499s.png	e629fed215e40042db49918e487c54145c28ddc5	472	160fc07b4bd3a337d3046a8cc637e39d5cf7e1a2a2b9a6c25f78cd0cb79dac65	assets/starter_species_67/source/icons/shiny/0499.png
EMBOAR	500	back	graphics/pokedex/pokeback/0500.png	03cbd3c29e4f4e6679da032ca3d3a08eb666bd78	1814	45bdbf2d9aeff98b83109fe23bf330a21777ada0d6d241adc638064e4ebf99b0	assets/starter_species_67/battle/normal/back/0500.png
EMBOAR	500	back_shiny	graphics/pokedex/pokebackshiny/0500s.png	a510536cde8497a63c55d927a85708d20700d6d2	1822	5d2fe634cbbd5b1b69443f2cbb85c108b6c904ef1e49f3a28ce5965b43968c25	assets/starter_species_67/battle/shiny/back/0500.png
EMBOAR	500	character	graphics/characters/0500.png	b5d2642e4b39d38a96f9a5acf5d52cf1b15677c1	3104	e8ac4fb2b28f5d18a0ca1a0122d7513270ff73eea856b768014b7a07a863bbec	assets/starter_species_67/source/characters/normal/0500.png
EMBOAR	500	character_shiny	graphics/characters/0500s.png	30ed34aa488bd08ec70c111bfea14e07b897aea1	2969	80627b4d67e093fed2db5f80381d12c5b52a374182d5095b5d4385485684f1f7	assets/starter_species_67/source/characters/shiny/0500.png
EMBOAR	500	cry	audio/se/cries/0500.ogg	ea95dfe8efed7ea5e844dc4b308b475b8db2e06b	13708	bbf97622d558b5399f93464a4dfe7c1e98ee0685754fbaf1bfd6b8a4a6b36d23	assets/starter_species_67/cries/0500.ogg
EMBOAR	500	data	Data/Studio/pokemon/emboar.json	00b4d72223028761c8f7c4e53c28d9cd4c811db2	9436	67cb1988a8c38439cf917298122be995dcf15600f19d7d493f5fdfd0f1539c7a	assets/starter_species_67/source/pokemon/emboar.json
EMBOAR	500	front	graphics/pokedex/pokefront/0500.png	dd2160a33277dd70f61325e866eb22bad6a25ff5	2204	f6290b9ab036b43e24db8e4295f1614325610fe419ea824615984ba5c4a7071e	assets/starter_species_67/battle/normal/front/0500.png
EMBOAR	500	front_shiny	graphics/pokedex/pokefrontshiny/0500s.png	611dff1bdc2061ab9e5a817298d834ffaf8d142d	2217	8f40a455fb6d16e72a8fe80a3c316c0f341519f6aec3bd3a8eecc3444233cf18	assets/starter_species_67/battle/shiny/front/0500.png
EMBOAR	500	icon	graphics/pokedex/pokeicon/0500.png	066941bbb7a427af9d6669f0348cdf124f5487b2	781	08a669a8d740cc1d8600ae8b61337ee332218807d0e0d9e2e1fc99734a7c9339	assets/starter_species_67/source/icons/normal/0500.png
EMBOAR	500	icon_shiny	graphics/pokedex/pokeicon/0500s.png	d6aea1eb14f531df0bea0cd6d00edb43f336143d	588	98838a8a8e8ce0924b8cfed234f3608b5071a2df5d2c703d8353a77897da32d3	assets/starter_species_67/source/icons/shiny/0500.png
OSHAWOTT	501	back	graphics/pokedex/pokeback/0501.png	b2181b0829126492c66fa2d7010782a6f9bdbcaf	524	622f02740db19296f424ce47ba7ebb76279d011ab380751d507994eda657ab3c	assets/starter_species_67/battle/normal/back/0501.png
OSHAWOTT	501	back_shiny	graphics/pokedex/pokebackshiny/0501s.png	b472a182b9c8bbf70861933327189f09041cc9ee	532	3ef467e9ced34a8f3689a033e20251371b0b094933eb63aa50e5176adb71d1e6	assets/starter_species_67/battle/shiny/back/0501.png
OSHAWOTT	501	character	graphics/characters/0501.png	a13153b2b1c21a108915fcdb1438bd6c200ab931	1433	e335a2dc8eb9d56655e57d4b9c1ee8c3ece321039a8ac40b9d12de9b2fdbdb9e	assets/starter_species_67/source/characters/normal/0501.png
OSHAWOTT	501	character_shiny	graphics/characters/0501s.png	ec705a099f8278c88822de1d919e48a7c886d847	1422	e3fa9bb87a1300b63187d446785be95fd672a1906b3e0712dc3c60d2a526d1ac	assets/starter_species_67/source/characters/shiny/0501.png
OSHAWOTT	501	cry	audio/se/cries/0501.ogg	54e331aa6217593620eb292362ed19465ce3ba35	7899	9e2609c93c59e80ac9ba4d9d7691761c10470fe61601dcd4ed3ced05bff714d4	assets/starter_species_67/cries/0501.ogg
OSHAWOTT	501	data	Data/Studio/pokemon/oshawott.json	b3afa6e16ca29a9a9be3bd5958dfabfab4708b36	7861	16232da0b74025759d50479631b5c762ff4b557bb1228759ad82617d728ebd98	assets/starter_species_67/source/pokemon/oshawott.json
OSHAWOTT	501	front	graphics/pokedex/pokefront/0501.png	c7372f7278f6315128fa9314af58acb3a276e720	654	48a5429c23fa4d7a119cbe63d767cabb213e4cd521332acebd418e80e32b2375	assets/starter_species_67/battle/normal/front/0501.png
OSHAWOTT	501	front_shiny	graphics/pokedex/pokefrontshiny/0501s.png	2e554ba37283616a62e7df8310eda72c00410228	666	0eb0b274a6dc239350cb59a4a842636bebc9e26dc606ad4e89a71b7c68d8444c	assets/starter_species_67/battle/shiny/front/0501.png
OSHAWOTT	501	icon	graphics/pokedex/pokeicon/0501.png	086e718a9d54f31ac901881c6380592b5eb5378f	688	7dd816749bc0eb04fedcbc3e46f160e9cf482346a173fa456f6eb6c7e6e74f81	assets/starter_species_67/source/icons/normal/0501.png
OSHAWOTT	501	icon_shiny	graphics/pokedex/pokeicon/0501s.png	f894edb59ab46e9b90a5bbf44fc2ec30e699d0bf	460	e7af09102b62a3828db2e9e5b1d77a306a8764515d93c6449045bf0d475ecb3f	assets/starter_species_67/source/icons/shiny/0501.png
DEWOTT	502	back	graphics/pokedex/pokeback/0502.png	d0e6d86dbf151827a96af6c0b7480a70a804c34a	819	e72f526777f1b36ef501aa8fdd2ed452cca3b4ab1120b8ed9cc84069a124f4fe	assets/starter_species_67/battle/normal/back/0502.png
DEWOTT	502	back_shiny	graphics/pokedex/pokebackshiny/0502s.png	d7a2dd25c63ec651187e892dd4cb68b21cf0d461	819	55e21b961412caec9d7322876b80fcfee6c76c9cd2bc7e5dff6d199949b7ff73	assets/starter_species_67/battle/shiny/back/0502.png
DEWOTT	502	character	graphics/characters/0502.png	a9a942f63b9b0e913072f3d581197f32bc5ae002	1758	14976a6bed4a14a36b3a4d331b3d9ac3dec4a6dfbd6c9a552647ff3875376e09	assets/starter_species_67/source/characters/normal/0502.png
DEWOTT	502	character_shiny	graphics/characters/0502s.png	0b84e420de7f953b6dd89a37359fc7e398878fe1	1708	c348c2bfd6902b8b003b8967dca0c1fd24155fdbaf39fec1e1cd8937828f8e75	assets/starter_species_67/source/characters/shiny/0502.png
DEWOTT	502	cry	audio/se/cries/0502.ogg	79cf70068f01288eb4aa567093df38ca9ec5b1ca	8454	2c5cc0ee347f884f4e0e472a7290adf9111d99f44d97017fd30d8829c5defd25	assets/starter_species_67/cries/0502.ogg
DEWOTT	502	data	Data/Studio/pokemon/dewott.json	3f348385a23f9161275282111963eaf639f28aff	7384	f4c9142299a2f31f6438786708fabc96c08560a55eccdd9a0c2b33898dda8845	assets/starter_species_67/source/pokemon/dewott.json
DEWOTT	502	front	graphics/pokedex/pokefront/0502.png	9c90d939d910f56bbbd5a03ac733f7911b92e488	879	8920145f95b14b38dd08434bf2f8590a1247023ae4c351bcaf364549ae10d36a	assets/starter_species_67/battle/normal/front/0502.png
DEWOTT	502	front_shiny	graphics/pokedex/pokefrontshiny/0502s.png	8659e815056e4b4224f7f9dbd4b6365af351a738	882	42cd42c35c754c7c6092c639fb2fe67dda78ba22f8c0e6dab5c940195be58406	assets/starter_species_67/battle/shiny/front/0502.png
DEWOTT	502	icon	graphics/pokedex/pokeicon/0502.png	d3910d09d76f3d96e838470ed842f267a769e63f	739	0aa891e8c9f97100d00020ae3b09c3ef5212bf7997590cbdbe487591f66625af	assets/starter_species_67/source/icons/normal/0502.png
DEWOTT	502	icon_shiny	graphics/pokedex/pokeicon/0502s.png	02885309335eb0b8faaddb42f907417c4559fe22	508	6a7cd9706a973035beb75ed52f92460af3d4778896f1c8fa2b99dbe009ce3c84	assets/starter_species_67/source/icons/shiny/0502.png
SAMUROTT	503	back	graphics/pokedex/pokeback/0503.png	7b95041928caeb1e03fa405bc5c3fe08db3fb586	1799	fee120d2af11e54cb80fe8244cf5ddc2b4866dd4eda5e3c402d0a6fbcb5db04d	assets/starter_species_67/battle/normal/back/0503.png
SAMUROTT	503	back_shiny	graphics/pokedex/pokebackshiny/0503s.png	3315e7d78c70739c64baa8991b66618121a3eead	1798	8cd698c83b330489c841670b2efb9bb477097a7af97a2b7e35f04aadc9877cb0	assets/starter_species_67/battle/shiny/back/0503.png
SAMUROTT	503	character	graphics/characters/0503.png	4e29c0cf5b99924c267466a73c250407cbaaf724	2969	84879ec28b16a9e471c4aea076602f581103b1caad9f5936093a03fd527677d0	assets/starter_species_67/source/characters/normal/0503.png
SAMUROTT	503	character_shiny	graphics/characters/0503s.png	5401ac589f1bf5050b2f4131086b5bf9e96cade6	2911	cad0336f2b8f7333bf9ce192dabaae67a746490eada64e4484419b54349b0ad7	assets/starter_species_67/source/characters/shiny/0503.png
SAMUROTT	503	cry	audio/se/cries/0503.ogg	b348eded20e85360f0162719bbeb8cfdebe58ff3	20401	a85bbf09202e7fea7ec4a179d6a15c111aae2dcccfd2d07c95ab83132de5092c	assets/starter_species_67/cries/0503.ogg
SAMUROTT	503	data	Data/Studio/pokemon/samurott.json	eff8abd5d627cc2c24e2ced0e65112984488b59f	8419	62ac2ddfe275c83bb767c7318c237c036f92d8f48d65c3747710ac82ddacfce6	assets/starter_species_67/source/pokemon/samurott.json
SAMUROTT	503	front	graphics/pokedex/pokefront/0503.png	2bb245653979d7004bf5c4a35bbafbecbdd1cb4d	1800	83ccba5d088743add27fac8e9c218adabaee20afe2c7ad1c9c32d9059efe098e	assets/starter_species_67/battle/normal/front/0503.png
SAMUROTT	503	front_shiny	graphics/pokedex/pokefrontshiny/0503s.png	2b015b3c8b699039525151c96d31a23687465c83	1781	553ba25d066b4c4dde07cea435d939715c045a5758b24fe6def548eda3eb38d5	assets/starter_species_67/battle/shiny/front/0503.png
SAMUROTT	503	icon	graphics/pokedex/pokeicon/0503.png	6ba64c5c9928be906eb043bf057dda5fa9352fb3	1036	ab52dee0bdb11d473ac03dbaa06ade967ef6ec4b343e0042f919a0c991cd60d9	assets/starter_species_67/source/icons/normal/0503.png
SAMUROTT	503	icon_shiny	graphics/pokedex/pokeicon/0503s.png	38f97a7d0ca5527c7a8bb24f9a395b8c3ef42985	678	ae6d9a859fc6221b49859b77d4e01a5b77f7d3a6cdb7ec38d5f8153605fe0c23	assets/starter_species_67/source/icons/shiny/0503.png
CHESPIN	650	back	graphics/pokedex/pokeback/0650.png	8657dcddce7cd1916e51e06bf5b2a9b78e96c440	713	d093768f0b98970d5bf7d28ec79f18dd3057294ef91f248870215a53859cc4a1	assets/starter_species_67/battle/normal/back/0650.png
CHESPIN	650	back_shiny	graphics/pokedex/pokebackshiny/0650s.png	a3700e820b1000df97bce5c48c6bb7ea88d7aaba	710	9c3e205434817ec38e31feae8a0c5fdf0de9013192605bb1d44e764f470b70d6	assets/starter_species_67/battle/shiny/back/0650.png
CHESPIN	650	character	graphics/characters/0650.png	62da2eb656f46b7374c39189ecb2a3ec29a620b5	1884	7a5f20e84a73b56b81f93e2c52d5398f948c4e47a1078d9228d6b49e42cebc84	assets/starter_species_67/source/characters/normal/0650.png
CHESPIN	650	character_shiny	graphics/characters/0650s.png	43baa7fe01bc0067d462556ec212c35a221be4d8	1880	cd3087cf10ad526c6c8444eb797b2e98668f405a1dba8f3fba0e43e55e45c1e5	assets/starter_species_67/source/characters/shiny/0650.png
CHESPIN	650	cry	audio/se/cries/0650.ogg	720bf4aafd5c924bb79bbead720f0a8ab18aa0b6	9415	f63a557bb747093a0ef844dad9ab93305fe25d9d917bde5b651e4fc1845b795a	assets/starter_species_67/cries/0650.ogg
CHESPIN	650	data	Data/Studio/pokemon/chespin.json	a59c2f8c2c57422f8bfbf30380718c8ca50ea255	9888	783646747fe5be0d0f6f73b8840444098878f284d6c6d9dd75d8e78d9e55415f	assets/starter_species_67/source/pokemon/chespin.json
CHESPIN	650	front	graphics/pokedex/pokefront/0650.png	2152dd453d9a9b71cc8f293795a69d4e8a58fd38	810	240b80c32912dd08f4376cac30778dc76ed5c0d44f2db5ec5adf956bae0722c1	assets/starter_species_67/battle/normal/front/0650.png
CHESPIN	650	front_shiny	graphics/pokedex/pokefrontshiny/0650s.png	d72c81e666497614252c10516de52ea29dcf92d4	808	81f628a5e32f4e52a8d447d84c0438cb45a7594049c1c1d0152d551d38c758c1	assets/starter_species_67/battle/shiny/front/0650.png
CHESPIN	650	icon	graphics/pokedex/pokeicon/0650.png	f7c215f0e36329ac723ec9a6c0dcaaefe76d2544	603	884663e9d3a800a5a2308f797a5c0a0c2c612abbc695e8875f724b9079db56b1	assets/starter_species_67/source/icons/normal/0650.png
CHESPIN	650	icon_shiny	graphics/pokedex/pokeicon/0650s.png	d473ca157b00b095c88d3c3072297913c5630385	433	d8f5b26bfd95b188cddc7cb5dc6709d8f9e59b6b6fe9e98f7ae5224c0bd9372a	assets/starter_species_67/source/icons/shiny/0650.png
QUILLADIN	651	back	graphics/pokedex/pokeback/0651.png	100a1de116de9469a877cde76eb20df3965d7f9c	971	1cedb8f8e160416009a53cb29436c22519cfc8d38af64f9285aceaed7c26c8ed	assets/starter_species_67/battle/normal/back/0651.png
QUILLADIN	651	back_shiny	graphics/pokedex/pokebackshiny/0651s.png	5bfd407671b2c45a6b35173391ebd7d08dec969e	975	07650267bd77e846cb06cfd155df81f6e0797cd3c7edf417163894179770625e	assets/starter_species_67/battle/shiny/back/0651.png
QUILLADIN	651	character	graphics/characters/0651.png	1ce8cb428d4206c2217119537747dfa26ce133c1	2200	0fed73410a4ac3b8b00eecbf5543202c532c258a4b5ed60ef0756eb37445a158	assets/starter_species_67/source/characters/normal/0651.png
QUILLADIN	651	character_shiny	graphics/characters/0651s.png	a77b0949a072d9c98aa21e544e13701793ac89da	2188	fe18107a93bb70d3011bebd42593a9babb3d53f67f8b3805c0a5e7e36eaec243	assets/starter_species_67/source/characters/shiny/0651.png
QUILLADIN	651	cry	audio/se/cries/0651.ogg	30678084aa31c4f55efe86b36d1943aefbec104d	14625	3e3ddbfe792d293c48d02ecd34b012e7828c90ec48ca6407e06b0bcaa270000e	assets/starter_species_67/cries/0651.ogg
QUILLADIN	651	data	Data/Studio/pokemon/quilladin.json	8a6046d6cd5a3480737e9176899456c73bde723e	9367	c0d7aa485d1e50da959b3cc43e8c5bc6b74c53ab59ad61f62ef5b47b7d169cc8	assets/starter_species_67/source/pokemon/quilladin.json
QUILLADIN	651	front	graphics/pokedex/pokefront/0651.png	ffef492303c9d61a3871ef31cca187ef23db2e0f	1173	15e2db80254ce160d48514c2300791c7b87eeb9aa0874037f4e90d94506889c7	assets/starter_species_67/battle/normal/front/0651.png
QUILLADIN	651	front_shiny	graphics/pokedex/pokefrontshiny/0651s.png	a7ba081008343723b3855cc56a03ce0ed8305b3d	1178	d29b4a14beb7649d17b8fd4ec1e0acb9c99403d5a262795365a843889836d8f3	assets/starter_species_67/battle/shiny/front/0651.png
QUILLADIN	651	icon	graphics/pokedex/pokeicon/0651.png	563840438e958ba7e1616b74c0e1583414cbf4f9	649	650e4ebc35529718335160fd900a93b3f72526dc01c48b7b2f59e900c3cc64e5	assets/starter_species_67/source/icons/normal/0651.png
QUILLADIN	651	icon_shiny	graphics/pokedex/pokeicon/0651s.png	7918aed6bbfdc417e758792d2f593378b6a7a17f	466	f3efc9c2239cba0e0ce51096676bbadc8c41fed0e002cfb406a2fe4c76e26e39	assets/starter_species_67/source/icons/shiny/0651.png
CHESNAUGHT	652	back	graphics/pokedex/pokeback/0652.png	d7be4c0beba53f91c109cfdca9f0add497635d3c	1577	68206319047f1401587c6178c3603224333f771276e0818f33f31afc36aeba4b	assets/starter_species_67/battle/normal/back/0652.png
CHESNAUGHT	652	back_shiny	graphics/pokedex/pokebackshiny/0652s.png	021d978156ab7b1392fed9b56de620a92a51ae38	1569	867ca3df5749029a496e7c124a6cf056f7507860883ed97f54c4094c98a9ece7	assets/starter_species_67/battle/shiny/back/0652.png
CHESNAUGHT	652	character	graphics/characters/0652.png	dccf53325e8804b1765e7a1e89b78a6546d81199	3025	440c70edcce7cf469206ed53ba0be4cede44119d7af8d2243061d3486af89306	assets/starter_species_67/source/characters/normal/0652.png
CHESNAUGHT	652	character_shiny	graphics/characters/0652s.png	5ede94acd3b84c6f7dc1851162808c01a2e29d3a	3103	544fd0bd4fb4c980fa910bc34150d809271c3d9704992970a9d5799600b50a23	assets/starter_species_67/source/characters/shiny/0652.png
CHESNAUGHT	652	cry	audio/se/cries/0652.ogg	3f1c5145412f2b7f1643428174e0cb420c379b48	15172	fda37d82681ad5bc5c041d7b1b9c9cd2dc9b44146e289292e5ff42ae6a51853d	assets/starter_species_67/cries/0652.ogg
CHESNAUGHT	652	data	Data/Studio/pokemon/chesnaught.json	8c20c5f47a41557045fbaffe448eb11bf88f97bc	10720	e06a5f10f55d9f3a6733676d1234496725172e892806d71e217209902cd71a93	assets/starter_species_67/source/pokemon/chesnaught.json
CHESNAUGHT	652	front	graphics/pokedex/pokefront/0652.png	c3aa4d41ca4af9bbb5079a79b1589170c33ece40	2088	57587cc045a4697107778dd72ab118de069dd2b23126ceed53a8393b74e2555e	assets/starter_species_67/battle/normal/front/0652.png
CHESNAUGHT	652	front_shiny	graphics/pokedex/pokefrontshiny/0652s.png	c66475b7558ec63fc959153489fec95a8e64b1b0	2084	fe2788361f3181a6b85a87e50d05d2af1973b0257e7345738438aaeae5fdc2f7	assets/starter_species_67/battle/shiny/front/0652.png
CHESNAUGHT	652	icon	graphics/pokedex/pokeicon/0652.png	3b07c546356e31471d95ace79323deb41e7aee5f	967	e40cb3f3f425e04cdad47e2301a539c676a3566cfaa66048daef50975e895a5e	assets/starter_species_67/source/icons/normal/0652.png
CHESNAUGHT	652	icon_shiny	graphics/pokedex/pokeicon/0652s.png	adc7b2e3e60350b86490ad0aca13fa468315cbdf	635	c2c006aff75c8db298c3a0df4ebd0adaaba3c9ed08cbcb1b0bbe7d20eab8486e	assets/starter_species_67/source/icons/shiny/0652.png
FENNEKIN	653	back	graphics/pokedex/pokeback/0653.png	35e2451489049dd8c1cba618f735df9fd671eef5	738	d5e3fe980b2117e7d12093b6bebbc0f44cd88d273fece56769f2f711ccd201b1	assets/starter_species_67/battle/normal/back/0653.png
FENNEKIN	653	back_shiny	graphics/pokedex/pokebackshiny/0653s.png	a4268bfb19dd7b9bbe4f09fb6895e183077c1c98	731	3a6358533966275e8a34135892c2e4939a2e5041b6a3c096a6cfb9ed9476119f	assets/starter_species_67/battle/shiny/back/0653.png
FENNEKIN	653	character	graphics/characters/0653.png	6dc541362a880a3f8ef45c1f216022d98e3272ec	2160	0937d6b69d050cda35db6e41141eecc632f1facd103e443721d8dd94ff36a933	assets/starter_species_67/source/characters/normal/0653.png
FENNEKIN	653	character_shiny	graphics/characters/0653s.png	a37091d9d3fbde8a19b18e5cf1b16069da3a8ccd	2157	f9034f19ebf767939ce2bcf30082fde829f5a7b4fc3b7c0793886bf6955f22fd	assets/starter_species_67/source/characters/shiny/0653.png
FENNEKIN	653	cry	audio/se/cries/0653.ogg	9d51c421bb759b4e079ae27e10553823ad7ef7d0	10205	6a5c394a5c7874e17549826e1882472eb184cedf81e1131d7bc1e47763037490	assets/starter_species_67/cries/0653.ogg
FENNEKIN	653	data	Data/Studio/pokemon/fennekin.json	755e8f9373a6c160bec4357a79b28ac7be3c2e4f	7808	fd05bd68676532f983d2179c8358d2cf638b585e31cb618eb83d412761fbf48d	assets/starter_species_67/source/pokemon/fennekin.json
FENNEKIN	653	front	graphics/pokedex/pokefront/0653.png	e3386492bd1d079b3af39af8896d6456bb50311b	891	61aa33ccd9a63429064b25babe805c68b3cf56723232c2d7351213d32296cf95	assets/starter_species_67/battle/normal/front/0653.png
FENNEKIN	653	front_shiny	graphics/pokedex/pokefrontshiny/0653s.png	cffd4038aada480bec9b0d80248756d24a5534db	874	c436d0572aefa5c4a228bb3805cf238265b6b581d1f1274f04d2e043800bb63e	assets/starter_species_67/battle/shiny/front/0653.png
FENNEKIN	653	icon	graphics/pokedex/pokeicon/0653.png	b97e18bc39a9dc4d68582203dd953b2fb7d8dc61	550	253800497ab41f391c93339184a6dfc37f08e73d24256c54c352e2c86041e7a2	assets/starter_species_67/source/icons/normal/0653.png
FENNEKIN	653	icon_shiny	graphics/pokedex/pokeicon/0653s.png	ef0417fd37845fdf28c92a740626ea01d87ebdfe	374	628515cc62591850d464ec1ecc1e56800b9400afd6e95aaf832bfac747fbac9d	assets/starter_species_67/source/icons/shiny/0653.png
BRAIXEN	654	back	graphics/pokedex/pokeback/0654.png	d9304a6669efe27dfa5e4171e752d35dbb21b32b	1077	1d750b558a65f784608c600465e0a33ec86cb68fd7371221981b6a429a88140c	assets/starter_species_67/battle/normal/back/0654.png
BRAIXEN	654	back_shiny	graphics/pokedex/pokebackshiny/0654s.png	b5f6fa1c70fc25cd8ce1b95d870ed64768585440	1072	5ca18d54dfbd10c2070753b891feae8fc9ae8489c67f9aa3a028a4cc1fcddc4b	assets/starter_species_67/battle/shiny/back/0654.png
BRAIXEN	654	character	graphics/characters/0654.png	44626bde06d1d851128db284da7c89914fb7e42c	2324	43917b260ec6edca857ab4106e68f56c0e1f0214d59bce28d914e23762cca1b3	assets/starter_species_67/source/characters/normal/0654.png
BRAIXEN	654	character_shiny	graphics/characters/0654s.png	caacc661dc5c67601b2b214e3890582d3997a987	2402	d9e705df3810ffdb65a69e226f461bb8fca27fbf2b414f6c3c25d7972a0fb1a2	assets/starter_species_67/source/characters/shiny/0654.png
BRAIXEN	654	cry	audio/se/cries/0654.ogg	fa7fb6c973d21f284fea75717fa97392a3f0fcbe	12192	4d4656ca41b20679544829489544e91b756bf4f740d230cf8fc780aade22f1a5	assets/starter_species_67/cries/0654.ogg
BRAIXEN	654	data	Data/Studio/pokemon/braixen.json	83354ce57001dc2e9aa08ce8d01f2f7621a99b04	8660	847c3e0d58162f275041adcd752175d001c437937cffad83f99dfff64df9de1e	assets/starter_species_67/source/pokemon/braixen.json
BRAIXEN	654	front	graphics/pokedex/pokefront/0654.png	a63360bd7897441a1c9a493a997237ebe121d19a	1266	784afccb7ea0455e020996b445adcf9f1163ac2e2b1627af81dc3827ec36843a	assets/starter_species_67/battle/normal/front/0654.png
BRAIXEN	654	front_shiny	graphics/pokedex/pokefrontshiny/0654s.png	aac7bfc426ad42bd43c5f2e8704003b5349cc6db	1248	124c0305cb97f7be6bcf2eed5ed0fbd85a26c1c87df7d314a395c66060b8d277	assets/starter_species_67/battle/shiny/front/0654.png
BRAIXEN	654	icon	graphics/pokedex/pokeicon/0654.png	09e481aa530e8098c221d37c31081364e93e4e27	886	873a5c7279ad83a9f0c546c32020c5019676ff76393b09a0dc888eeeeeef3717	assets/starter_species_67/source/icons/normal/0654.png
BRAIXEN	654	icon_shiny	graphics/pokedex/pokeicon/0654s.png	308113167940702fcda421a581be50fb1217ce15	564	8ed072e3d146418faf29032a7d518a3527e90c7a679c779a406806d437fcd31b	assets/starter_species_67/source/icons/shiny/0654.png
DELPHOX	655	back	graphics/pokedex/pokeback/0655.png	f50a2a6e55abf2d5777c39f0900190b9853fb7eb	1466	dff06925afb7b10d6589e049cf0ae04aff3174056bebf520de398f17d2b708a1	assets/starter_species_67/battle/normal/back/0655.png
DELPHOX	655	back_shiny	graphics/pokedex/pokebackshiny/0655s.png	a448b343401e3e6efe40be4219575fda9ea4d087	1463	3b8be8736d273e316de45718885be67af8590014b56d9de47b5bf81f440bab9c	assets/starter_species_67/battle/shiny/back/0655.png
DELPHOX	655	character	graphics/characters/0655.png	994e96ed5632a786c426539e855b786dae5041e1	3224	1a131c9fdd5432216c063dcf2734f4d32a23bd46ad2a1fc1697ba81db35acdea	assets/starter_species_67/source/characters/normal/0655.png
DELPHOX	655	character_shiny	graphics/characters/0655s.png	55e644c91805d56e6dbcc8d54a7724929a029d27	3342	359eaa65a3a7ca8669f1d9b58f1f58868f0c391655046e4436cce800c9d87749	assets/starter_species_67/source/characters/shiny/0655.png
DELPHOX	655	cry	audio/se/cries/0655.ogg	cd8231a5c20af86fe1f4abd44145d87a290edcdd	17508	4bd6afc983fc984ee92b330119dfc958a9c85986c63a1b05e3401cbc3f32c076	assets/starter_species_67/cries/0655.ogg
DELPHOX	655	data	Data/Studio/pokemon/delphox.json	055725d17be11a713631a5eb5feffd7db4fb34f5	10197	7f81983616e037ad1785f663dde51c221a2ed39f6a310f55e812fb7dd38d85fa	assets/starter_species_67/source/pokemon/delphox.json
DELPHOX	655	front	graphics/pokedex/pokefront/0655.png	117d4da6f128f8bf09f9db51e9b450a970d4fa0a	1912	7b786267c68120f8698f018db5ba287bf249b913e64f2cc531fdf9d48f0eb74d	assets/starter_species_67/battle/normal/front/0655.png
DELPHOX	655	front_shiny	graphics/pokedex/pokefrontshiny/0655s.png	205cdc37a4031e527f7dd97cf02c971698ecdc46	1913	5e255dc1a4bfcb5b48bbda592b50c8181860d83d4cca7d5a50148ff92dcb709a	assets/starter_species_67/battle/shiny/front/0655.png
DELPHOX	655	icon	graphics/pokedex/pokeicon/0655.png	67b5cc469e8e21d51c0f5f812ba6a7fbb53b93c8	746	ba8fa43101a9ed5c28c0f6519f2a82f7edf6580d2d181a9438ef72453bbfbb85	assets/starter_species_67/source/icons/normal/0655.png
DELPHOX	655	icon_shiny	graphics/pokedex/pokeicon/0655s.png	adcf0674593791399872328283c65932a7b21f09	553	3f94adafbb8d8ed55e7515146c194fcaef18bc8653bd52a4742bc818b86bb80a	assets/starter_species_67/source/icons/shiny/0655.png
FROAKIE	656	back	graphics/pokedex/pokeback/0656.png	6bdf30ae2defb145ca039ebb4bc5c901401db936	592	cce62647e8caafc87d430335474495db4add4bbfc01db837dd9707c2c2ca8ec7	assets/starter_species_67/battle/normal/back/0656.png
FROAKIE	656	back_shiny	graphics/pokedex/pokebackshiny/0656s.png	f0287399f219d970a2e3d2995e7a5c5023b32864	593	35ec993d3895b41d19b0a9bc84bd438126471458f6ac6a87a76398b299c88a2e	assets/starter_species_67/battle/shiny/back/0656.png
FROAKIE	656	character	graphics/characters/0656.png	ad267eed16dc7c4e44decc3d23621dd3d07210b9	1836	277a4a1072635a9b296ec6aeadcb07f44571fdb70d35f5ca185fc1bcafc9378c	assets/starter_species_67/source/characters/normal/0656.png
FROAKIE	656	character_shiny	graphics/characters/0656s.png	a2ed61aca0cc221aa6a3e850ced35b31bbbf4aa9	1830	f7aa90c33cb9b76bf8ed789467ffd77aa459c7413c5acccd4961df6c9bc494d4	assets/starter_species_67/source/characters/shiny/0656.png
FROAKIE	656	cry	audio/se/cries/0656.ogg	5054b9bbc385333477c1f6d2fb66364eb2c41068	10224	aa7a2a704e8401bfeb2d5b483e65b5a5e05a8407ab1001b51e49ec31f86f948a	assets/starter_species_67/cries/0656.ogg
FROAKIE	656	data	Data/Studio/pokemon/froakie.json	4c95fec885a02719eb0b49bc76b0050aa69b8fc5	7903	da1dadf15a8d9ff2242be999945bfd93926b1f5f5692665f497c43e9f610cc80	assets/starter_species_67/source/pokemon/froakie.json
FROAKIE	656	front	graphics/pokedex/pokefront/0656.png	e332ad9b12475780b8491e0df549b59a2d2bb1a0	737	9959adcd6ff7e766efdbb6747d4112e681b756b98877ad87aad7c7f6d8af5dff	assets/starter_species_67/battle/normal/front/0656.png
FROAKIE	656	front_shiny	graphics/pokedex/pokefrontshiny/0656s.png	d37c43c10ada020fff5dd03ec16147d1049b57a5	739	f8e3db50cf423463c7fa6a2b30d416c1089c24072da6300ea892c9f84b9568c7	assets/starter_species_67/battle/shiny/front/0656.png
FROAKIE	656	icon	graphics/pokedex/pokeicon/0656.png	d9ef460e980d198f3d32d2f4373ff42fb546cdbd	579	91062275b1a69b57d582c53c744c2476fd0a80d6da434d95eaa73c7482b6a1ec	assets/starter_species_67/source/icons/normal/0656.png
FROAKIE	656	icon_shiny	graphics/pokedex/pokeicon/0656s.png	ba84e3e34e7ea31ddf76a949cf2e36f498524a66	412	838b88ef49dc6c4171f00dbf9123cb1b7d0a7cba9d9e5ccb13953c969c3be992	assets/starter_species_67/source/icons/shiny/0656.png
FROGADIER	657	back	graphics/pokedex/pokeback/0657.png	9b36425edc83968ea55a5baefed924ba3b8ba01c	1052	256085b0dea704da1e1f57c6f18ea98c88ca00952e9f300623953486772172fc	assets/starter_species_67/battle/normal/back/0657.png
FROGADIER	657	back_shiny	graphics/pokedex/pokebackshiny/0657s.png	cdf47426a02010e897ee92a9a9b2c5d0f7e495bf	1055	ab61d69fd25872332541d577352e5767f34d681d3d8f3a5d5e0b5908dd3aebed	assets/starter_species_67/battle/shiny/back/0657.png
FROGADIER	657	character	graphics/characters/0657.png	fe4a2c73e472be58a16bc3af54a1471d0f47d258	2060	d642f60ede27970ce007c0a500c7807f5a259b33ee07157d506052d25100a22c	assets/starter_species_67/source/characters/normal/0657.png
FROGADIER	657	character_shiny	graphics/characters/0657s.png	f6c060dc9814dbe5a605edd747415aca1a2d6817	2060	7160dd2cb7c70eab0f744f791b784e5ef3468810d79ff994f88aab3621922525	assets/starter_species_67/source/characters/shiny/0657.png
FROGADIER	657	cry	audio/se/cries/0657.ogg	0f1b9e519ecc38d762bc208401b30aedd0479ef9	11690	e12513622e62d87c8bdd47478c0a123d2aadabd13ca57f96366c84d4e74ba591	assets/starter_species_67/cries/0657.ogg
FROGADIER	657	data	Data/Studio/pokemon/frogadier.json	915d21dd5c592cbe5c8ae73445a614dbabbe03f2	7732	e61f6b377d5db1af360dca833cb02879d35d192cfb678210593d121d73099c97	assets/starter_species_67/source/pokemon/frogadier.json
FROGADIER	657	front	graphics/pokedex/pokefront/0657.png	6d9900a57b595373e42add83fe20e86b4202a917	1150	1664e1c92569d917748dc8cc9f8db7bb9e2cabeeb813b74d871824f1501ed5ef	assets/starter_species_67/battle/normal/front/0657.png
FROGADIER	657	front_shiny	graphics/pokedex/pokefrontshiny/0657s.png	e3d4c1801922cae0433226e15dbb9bc6ab9647ae	1134	0d6b14146026aaf68ad225a59703f146b23e4ba7de9708d99aca69667ecde159	assets/starter_species_67/battle/shiny/front/0657.png
FROGADIER	657	icon	graphics/pokedex/pokeicon/0657.png	68bdbe5b6f9714bf8c7e1cd77f586c9957ffca12	706	76b8b1e8f2b7f298dc02c90ec1a8e865fff1e95122c1ca78fb7037775ce98bef	assets/starter_species_67/source/icons/normal/0657.png
FROGADIER	657	icon_shiny	graphics/pokedex/pokeicon/0657s.png	2dc3cb23c92175984838e9b3477929c4443293eb	496	d2c7adbf319656c11431a3504390534ff6fca796d7828dd0d3f7aaaa0353ec07	assets/starter_species_67/source/icons/shiny/0657.png
GRENINJA	658	back	graphics/pokedex/pokeback/0658.png	b50806e5af5aaebcbb55fce9141056427e7fc587	1378	397e436d3e6909af029e2b92070fff3fc0d9fe293c12874c99b7a0a94de44944	assets/starter_species_67/battle/normal/back/0658.png
GRENINJA	658	back_shiny	graphics/pokedex/pokebackshiny/0658s.png	e1480ea24de87978b02acf8eae778c770a8247fb	1361	509666cd0ef7d912df7d83e4b08834918559800355ec740f8a9b17d3c9f3e2a3	assets/starter_species_67/battle/shiny/back/0658.png
GRENINJA	658	character	graphics/characters/0658.png	071dbb211c7cf295ea340525ae018770c51aaa57	2966	d802ecd8123242a5b38d4ec542c4bbf17ea75fce08faf2a2e82168fb4aaec31f	assets/starter_species_67/source/characters/normal/0658.png
GRENINJA	658	character_shiny	graphics/characters/0658s.png	dfd2e593aa46fa07b26f354eea7d170e922b0315	3047	bbdbc3636bc9b3a3cfb1acf4b0146b44d832f837d5b2818d01d84783c7ad06e5	assets/starter_species_67/source/characters/shiny/0658.png
GRENINJA	658	cry	audio/se/cries/0658.ogg	8ad03c437805321e4b305bfd29bc8ed9a32a4228	13387	195e29dec0d4ace7a47e8934c221a1d80f73b806d388c66ca7179e8425180774	assets/starter_species_67/cries/0658.ogg
GRENINJA	658	data	Data/Studio/pokemon/greninja.json	316dbefa5fd619815966c5247368b330a698e451	17806	336ebb036446f46e01452be4cb795cec402815952d3f68cd4ae9cddafda814e2	assets/starter_species_67/source/pokemon/greninja.json
GRENINJA	658	front	graphics/pokedex/pokefront/0658.png	bd14fad4f6b31d78af0e67f6243527fe92e96cc6	1567	4e3605b38f97275ebe9dcacac00b77909d31fe40ccab7028660606937bb29258	assets/starter_species_67/battle/normal/front/0658.png
GRENINJA	658	front_shiny	graphics/pokedex/pokefrontshiny/0658s.png	89d06f3b2470d973057b9c33af31b1ceae8b2fbe	1541	a60c92c20b3856382317ac561e8261de7dec46e0025228c3e92afb94e22ee064	assets/starter_species_67/battle/shiny/front/0658.png
GRENINJA	658	icon	graphics/pokedex/pokeicon/0658.png	02ac6f632542949ef07704aa078d8025e1b029bf	722	d06371e32cf193584229cb5e5430723d13598a12a1f426aaf80ca63d24663577	assets/starter_species_67/source/icons/normal/0658.png
GRENINJA	658	icon_shiny	graphics/pokedex/pokeicon/0658s.png	1f6f591b9edfdbf16e033890f5398ca0d2cdb88d	509	22151248da5ed76d4786a107b74274297dc64c2c4f6efec71e440c66a089fcdf	assets/starter_species_67/source/icons/shiny/0658.png
ROWLET	722	back	graphics/pokedex/pokeback/0722.png	a5620be4d11e0c409987acd2611a12d43a0e4ceb	523	3320d75b28651148616afec4926b31569de465e1dd33b0bf5ab0896e85dcda08	assets/starter_species_67/battle/normal/back/0722.png
ROWLET	722	back_shiny	graphics/pokedex/pokebackshiny/0722s.png	458d5bf2918f42fb839fbdbded4ed94c32fe7ca4	519	3706b482ae84209e1feec4f8766c963d3424e538b1321dc40787016df7d45098	assets/starter_species_67/battle/shiny/back/0722.png
ROWLET	722	character	graphics/characters/0722.png	2fd7685c561e327efe2b26c4710f9bb6644e496e	1809	a49b57b977af7394d8d02da473dbfc8a0313e3cd413dc2f111d45cd8e5958ccb	assets/starter_species_67/source/characters/normal/0722.png
ROWLET	722	character_shiny	graphics/characters/0722s.png	8da23c86433361e9e70bc1093d40672b1695b786	1809	bc61ecd5b4ee720177aea0e94bbfd7fd2d00813ee32c9d7eb265bcfaea47e15a	assets/starter_species_67/source/characters/shiny/0722.png
ROWLET	722	cry	audio/se/cries/0722.ogg	2c914b18f1b0a89c3376eb2f0737f2d4c9849ffb	10248	c2127ed4e86de02d3e9491698963872ce1d0e3ce3c681bf6381a7efe402f38c0	assets/starter_species_67/cries/0722.ogg
ROWLET	722	data	Data/Studio/pokemon/rowlet.json	a04401495fb65ea7b8cb3110c352c33961942f61	7449	6ab6c64d967b8ebe1ef576672e152f376a6ff0628e425b20997fe5ab57455996	assets/starter_species_67/source/pokemon/rowlet.json
ROWLET	722	front	graphics/pokedex/pokefront/0722.png	ee9fee0d731b05d3336ac83381ff4b4af43f702c	683	0c4c256fbfe1d0e0d882b2ae38738b6cb2bbabb1c2f7e78f4625fab1d3b3db69	assets/starter_species_67/battle/normal/front/0722.png
ROWLET	722	front_shiny	graphics/pokedex/pokefrontshiny/0722s.png	ca7cf27de4e10c2670371f9dc762a02084e72023	679	b96021f9322c24f16e2c815e342928f331e03bb81c3164b70ffa8887e7981db7	assets/starter_species_67/battle/shiny/front/0722.png
ROWLET	722	icon	graphics/pokedex/pokeicon/0722.png	d4b0453129a77cfb38fd384a1820bb1c95a1866b	453	0e7cf14d300c3c7a611f6e307e9a1c4cd2ff10d15505b17f0f0b2e49a77ccfc3	assets/starter_species_67/source/icons/normal/0722.png
ROWLET	722	icon_shiny	graphics/pokedex/pokeicon/0722s.png	3032ee959421671c227407ff7379ea1d9d1ba9f0	363	40bd66c0d9db1f7050627522b5ccaf90ff20eb525fc24abc727291050c2de050	assets/starter_species_67/source/icons/shiny/0722.png
DARTRIX	723	back	graphics/pokedex/pokeback/0723.png	1fbc66332ce89c088e86b051e6683b2246087134	819	14d0a8492490437310ed4ba412d28abdbe1afb1784c79b8eadd182a96977e6ed	assets/starter_species_67/battle/normal/back/0723.png
DARTRIX	723	back_shiny	graphics/pokedex/pokebackshiny/0723s.png	83a0f8aece6c80451885dadd740bba8348325f65	816	be6e93d032e57a0c69d5b1684de84f5ae8e0b510e2ca5b6042be2df002c4c77c	assets/starter_species_67/battle/shiny/back/0723.png
DARTRIX	723	character	graphics/characters/0723.png	ad2b99230e228c2f68b2978d84bdef923e00fadf	2171	88a57b124af10406ef4b6d10d60b85552b4a59ee8749da5593873859a6598e39	assets/starter_species_67/source/characters/normal/0723.png
DARTRIX	723	character_shiny	graphics/characters/0723s.png	a1a7837ebf9aa5de4fa78c1695b1dd379ab8e31c	2171	6520ebbc447ec6faae86274f8da2a4ad1749b29bd2094f1ec210f007e3b0f704	assets/starter_species_67/source/characters/shiny/0723.png
DARTRIX	723	cry	audio/se/cries/0723.ogg	840914b2ba018c6facdd6e3211876b69ce582220	14843	50466a987c23013ec14fa1a574b0f1df601d5a42b068b4f4b2a663862e3fb3b8	assets/starter_species_67/cries/0723.ogg
DARTRIX	723	data	Data/Studio/pokemon/dartrix.json	e74268af088a38f24c4e06c0177bfc965a2241fe	7126	6e751e1dcf79f83253de63ad5435fd841d693852443e005d21c5b8ca2ae834dc	assets/starter_species_67/source/pokemon/dartrix.json
DARTRIX	723	front	graphics/pokedex/pokefront/0723.png	265ab04c55599d996895b2acafa54b3f6af938b5	927	874f8d822bbafad50f6a4914ea681fcf842941f1f583204fe6eb1cd10c732fb0	assets/starter_species_67/battle/normal/front/0723.png
DARTRIX	723	front_shiny	graphics/pokedex/pokefrontshiny/0723s.png	5a874f3e0bae65c38bc8b16d577a8ee779eee5b3	927	21a1a4052b5b62c9af438083e8d89cc3b418b3bb19f477a71e89e88564181482	assets/starter_species_67/battle/shiny/front/0723.png
DARTRIX	723	icon	graphics/pokedex/pokeicon/0723.png	305f541e13fd9d62415c683e55474a3e53990281	405	f8750dafa185526eb7255c9733cdd553e2c6ab4e40c61f129a87ae7221da58dc	assets/starter_species_67/source/icons/normal/0723.png
DARTRIX	723	icon_shiny	graphics/pokedex/pokeicon/0723s.png	68dd324806c788d1c6265ffc417221837b1bc03f	418	1e61208ae20502dec27764cacc81467b5a713174edfe7c721f7af0b7a24815c3	assets/starter_species_67/source/icons/shiny/0723.png
DECIDUEYE	724	back	graphics/pokedex/pokeback/0724.png	289d181ce6fd4aa9adcc5d1345184a02c6b21549	1239	5a4da4d6e75e65db5aec5ee41f2045f585b16880b1cc0e4863053e3fcf8f9069	assets/starter_species_67/battle/normal/back/0724.png
DECIDUEYE	724	back_shiny	graphics/pokedex/pokebackshiny/0724s.png	01328138c69375c13f48edc9873896e05aa78b10	1234	eef77d813035f7d4b193b40728178d35b559e588d2bcb254705dfe749b9fec6a	assets/starter_species_67/battle/shiny/back/0724.png
DECIDUEYE	724	character	graphics/characters/0724.png	858269bc98ac0dac171693f259aeb039c5a7d22c	2762	90a42625a7357c953398a9b328c8a758edf88dab6531f4f07e39c4e3763c206d	assets/starter_species_67/source/characters/normal/0724.png
DECIDUEYE	724	character_shiny	graphics/characters/0724s.png	9d4cabed465ee2d4f822d7faef138ecff30a18a6	2764	1bbd23a79f3cc0b74374a8b3bcb5b0a256148076b89f650383389343ebd743d9	assets/starter_species_67/source/characters/shiny/0724.png
DECIDUEYE	724	cry	audio/se/cries/0724.ogg	a79c727695a18f0553e3613b1e360d95b6862168	18815	45b3a33fc14a842f6f2783b29c490db567e8bca38c73bb41d17e01489c174aa5	assets/starter_species_67/cries/0724.ogg
DECIDUEYE	724	data	Data/Studio/pokemon/decidueye.json	61c6261724cc6554741bd9ac300846f6da8752eb	8521	1e10ba6377a2d6004dfe4677631b7ba1fe9f50815d0bfb45586ee6db16842b2f	assets/starter_species_67/source/pokemon/decidueye.json
DECIDUEYE	724	front	graphics/pokedex/pokefront/0724.png	f5badb99018d7282e0a4ee3a0dfe936d6a364fce	1426	788308396df1ffa992249cc57334467f1d547a026c0fe43bfdb76a5f5be87cf7	assets/starter_species_67/battle/normal/front/0724.png
DECIDUEYE	724	front_shiny	graphics/pokedex/pokefrontshiny/0724s.png	1e2f282f3d21aa6f7a03e3c7283a5ee2dea00dd2	1424	f9c9578f3d5092b1183b3a1bc227c77c3c39252fc2c2479ce757dcd0dbd4c985	assets/starter_species_67/battle/shiny/front/0724.png
DECIDUEYE	724	icon	graphics/pokedex/pokeicon/0724.png	f80cd78627f53281794fb88c30dc7557ae25720d	561	6a9240c7b7c84ed8d60e0b2eb3d15daf708e18178d479ad95d48ac11ddcc6004	assets/starter_species_67/source/icons/normal/0724.png
DECIDUEYE	724	icon_shiny	graphics/pokedex/pokeicon/0724s.png	a4fe2a06c3a268d2e7acb45a87dcf6b81044008e	470	1d8b57632cc306fa08bd12630cafcedb54e75a6b57ba4c165f52e6df5d6199d9	assets/starter_species_67/source/icons/shiny/0724.png
LITTEN	725	back	graphics/pokedex/pokeback/0725.png	53997a763348925f89c080db27ae1c797cc1809f	774	0d9820e8d65b55238765fe7efffc1c6c03ff95fd392e5ec91ad2f9320f566a58	assets/starter_species_67/battle/normal/back/0725.png
LITTEN	725	back_shiny	graphics/pokedex/pokebackshiny/0725s.png	c181a343b483b706a27d997ea50bcaae411ca593	771	785c6c9335a639cb65fd68052178eac79d65e653d3328d81f5115c350ee9ab64	assets/starter_species_67/battle/shiny/back/0725.png
LITTEN	725	character	graphics/characters/0725.png	a96ec4fa954f67baf6ee2ae833d9ad56fe5708af	2221	17f72d924d411809ced5f48a12f5ca97c880289fd3cf6088078d5eea2a288cfa	assets/starter_species_67/source/characters/normal/0725.png
LITTEN	725	character_shiny	graphics/characters/0725s.png	b3b7816ced51837b6c8e8ba68e398e5317e3f537	2217	d7e42d7327d103ceda5e6278f47a0577fa15917dbb93285f2376c80b2e48258c	assets/starter_species_67/source/characters/shiny/0725.png
LITTEN	725	cry	audio/se/cries/0725.ogg	bcbfc2b7285a8a928b652391280d4e537f0678e6	11873	7e530c43649016ec2bff855257e00abc6dac115366ddbf7f282ad32f7e053094	assets/starter_species_67/cries/0725.ogg
LITTEN	725	data	Data/Studio/pokemon/litten.json	ee76cfb76db549fadf2ecf277fd8be778ac6bd3a	7402	446059c61065be9d77d8ccb3def01215109aef4a17500f178b1ccf9b73bc75df	assets/starter_species_67/source/pokemon/litten.json
LITTEN	725	front	graphics/pokedex/pokefront/0725.png	5abd20904e2b0df90dbec7b49a656126fc12bff9	900	260dab2d64e6d75a9aafcb49dcb72efc96f372ba60753086076ca20a97a5cf86	assets/starter_species_67/battle/normal/front/0725.png
LITTEN	725	front_shiny	graphics/pokedex/pokefrontshiny/0725s.png	84eb3ffa28df2c928cd21fc4b9ce15ceffc6c797	897	82247faa261315f6a1418db3d44a5a1d768acfc125e57697f49c5c6232168650	assets/starter_species_67/battle/shiny/front/0725.png
LITTEN	725	icon	graphics/pokedex/pokeicon/0725.png	24ec7a6dfa2a636a91c1730fc8747b6bc7e0f90a	499	05b7d2b8769641237d7f09a7e5f57c2f30f785914d34018dc337a7824e493c51	assets/starter_species_67/source/icons/normal/0725.png
LITTEN	725	icon_shiny	graphics/pokedex/pokeicon/0725s.png	26c1105db653675ba126948e42f09962a6c71c10	420	c96aa8776b89755e4728c5f7062ec2a9bd2183ce8bfaf8554a2717431d61d327	assets/starter_species_67/source/icons/shiny/0725.png
TORRACAT	726	back	graphics/pokedex/pokeback/0726.png	5ef279f5f1650c6fb2e8a6874782cb065f02cb54	1162	b7cf6a3cb01f358bc547a8f43f2fe301ea099ae4e9b15436dc8d63d3e7f0a987	assets/starter_species_67/battle/normal/back/0726.png
TORRACAT	726	back_shiny	graphics/pokedex/pokebackshiny/0726s.png	15850eccb16fb1e5278c3320da47a892533e53f8	1157	9982306881afe94a6e45d15e0dbc9ec56c6e7a16810cff5f1a8c78ce8121016e	assets/starter_species_67/battle/shiny/back/0726.png
TORRACAT	726	character	graphics/characters/0726.png	2789f2f8b432ef7f0419a2900b999906df5ed853	2528	c054e3bcc0c03750e649fb1823e9210db94f837767149296985c8c614b303a8d	assets/starter_species_67/source/characters/normal/0726.png
TORRACAT	726	character_shiny	graphics/characters/0726s.png	28e56289a6ba814c8db07cec33b981708acb4c44	2533	11d4a9644f34a28ea775fd99fa90637cbb8d8fa6a52c1978e670d12e792a893e	assets/starter_species_67/source/characters/shiny/0726.png
TORRACAT	726	cry	audio/se/cries/0726.ogg	b822a7303b8d674b6819890e272ca85bb391b9cd	15425	df4bfe0a115bf02d8f4d0611e40a2a09212a1f14ea6e1cae8272538b8380a070	assets/starter_species_67/cries/0726.ogg
TORRACAT	726	data	Data/Studio/pokemon/torracat.json	c6513adb6882d733fc318652ae972b76860db6c6	7077	6be770102670da246038bf20e59540c3e6f258fbad19e0b4c4a7e2a8e81e3cca	assets/starter_species_67/source/pokemon/torracat.json
TORRACAT	726	front	graphics/pokedex/pokefront/0726.png	6d1264d325b91c9be1d859fd9ae298e32e43fcbc	1217	2d97b255d8527299553c00f419ddee32436cebc5508e9550ad59d4480b0e296e	assets/starter_species_67/battle/normal/front/0726.png
TORRACAT	726	front_shiny	graphics/pokedex/pokefrontshiny/0726s.png	7963653825cc91e58bc7331a07de530fe8717f31	1212	5a840dcac0c545dd4c3f00d79836a25f9c88f4fc0524e9dbf3963696c9c4d80c	assets/starter_species_67/battle/shiny/front/0726.png
TORRACAT	726	icon	graphics/pokedex/pokeicon/0726.png	6e5dc7f6f18f052fa35878cabcbd74c5480d6c13	543	db351f215830cf5297d93435d0515778c3bf49ec552ae4b65e5ec2f0020c94fd	assets/starter_species_67/source/icons/normal/0726.png
TORRACAT	726	icon_shiny	graphics/pokedex/pokeicon/0726s.png	4532f8a2666b2d887575ff549be31ba4d35e0433	469	ad5a7cb21c3acb1989e8c66385dfbecf575a9cffe3436e429580a5b306829bf9	assets/starter_species_67/source/icons/shiny/0726.png
INCINEROAR	727	back	graphics/pokedex/pokeback/0727.png	4486003f46f006973c7511e84fea167e0016ecff	1774	064d9cec7d25895869ddb7b9a11b9f17cd8064efde650ff010267dc608c004c8	assets/starter_species_67/battle/normal/back/0727.png
INCINEROAR	727	back_shiny	graphics/pokedex/pokebackshiny/0727s.png	fd5713576af5eab067b6881ef638db4bbe71cc5f	1787	39104df8e99ccc919df394d6b281cd57bb7f08ef0f7b62263ff233a9dd724076	assets/starter_species_67/battle/shiny/back/0727.png
INCINEROAR	727	character	graphics/characters/0727.png	96af4ade5ec2e60de14c13a12afce5465d0ac570	2636	d77fa52dd9b44078dd0acec789559eb3b6664bc9fab95d3f738d788388682f37	assets/starter_species_67/source/characters/normal/0727.png
INCINEROAR	727	character_shiny	graphics/characters/0727s.png	3b88f6df17f04a573e178ef2d9bbd522a0dfba36	2639	83d486bfc7ab6f499c4d4fc09a11713e19691824bf1157ce7f3f383eee748360	assets/starter_species_67/source/characters/shiny/0727.png
INCINEROAR	727	cry	audio/se/cries/0727.ogg	a58eefc73c5aee72c50c6b29a7605c9d4fb468a1	17544	93619d10a5c99cb24847244cd682aaed6b15e4f8c76c141214248dff6de60416	assets/starter_species_67/cries/0727.ogg
INCINEROAR	727	data	Data/Studio/pokemon/incineroar.json	5419d468c8055f8289f34fc6f58a496c570950d5	9814	c7eb1b6fec6af1152883ab2d9c1651414011a658d9673e9b4955cdb7579a43cc	assets/starter_species_67/source/pokemon/incineroar.json
INCINEROAR	727	front	graphics/pokedex/pokefront/0727.png	f1f34bc4e6fa1b4b4c5087aadecd76eb91ed58c7	2024	d7f9b9301287198ad986323775000cdc2fa3bf53bb0f90121c4d7ffadab10bc1	assets/starter_species_67/battle/normal/front/0727.png
INCINEROAR	727	front_shiny	graphics/pokedex/pokefrontshiny/0727s.png	8b2410e2a7c7f224bd047470d23ed14c2c122c41	2056	7fd0401cb375dd34104a7a38847b5fd93ebc21f0685d7381f6bbb8eb237e68d3	assets/starter_species_67/battle/shiny/front/0727.png
INCINEROAR	727	icon	graphics/pokedex/pokeicon/0727.png	1fddb05320e7cf7675e8d5a9e0630a4edc0deb9e	567	940ecf991e3d55a57761f4ecad82df02c27c53eeb974c46170642e6a93cdbdab	assets/starter_species_67/source/icons/normal/0727.png
INCINEROAR	727	icon_shiny	graphics/pokedex/pokeicon/0727s.png	ca43c5846df42716382ac5e8aa97687483431c6b	498	8288f203c3e28b05a0b1a9dd9c52e7367c5c5ecb32ea3cbcb12dc095c67ae7f3	assets/starter_species_67/source/icons/shiny/0727.png
POPPLIO	728	back	graphics/pokedex/pokeback/0728.png	fe6a95e8edd15b12d10c64bd2d9de1638c44649b	672	eb73f5b7134b283f2877622d251507e356c06d9cd7bf7047220ced32a4ab4bb9	assets/starter_species_67/battle/normal/back/0728.png
POPPLIO	728	back_shiny	graphics/pokedex/pokebackshiny/0728s.png	9d45927cfd75d936a05e09c3ae18870254bf3f14	669	d005678e75e2d33b7b1c90942deb3bd329293bce54f672a8d357313e1e205bb7	assets/starter_species_67/battle/shiny/back/0728.png
POPPLIO	728	character	graphics/characters/0728.png	a765522ff46494268e9901c819779841e76dd3ad	2095	85f3c9b9eb5cc08641291aa260e26f749af72285c9a06bd682852a2524732e79	assets/starter_species_67/source/characters/normal/0728.png
POPPLIO	728	character_shiny	graphics/characters/0728s.png	78e6a17a80b06c8eb21fece36807cc1496ad641f	2093	5e6baecb009d029074b5bff5ca9af0b0caeea4ccf73d6a13b119a6d1668d62d5	assets/starter_species_67/source/characters/shiny/0728.png
POPPLIO	728	cry	audio/se/cries/0728.ogg	7bf136f6981b082b3a79b223f3e5376e3c5629bf	10225	f5f27d2b28e8aa7a99b8a65cb8f65bbe75462cda858283fc2555385659f87aa9	assets/starter_species_67/cries/0728.ogg
POPPLIO	728	data	Data/Studio/pokemon/popplio.json	2e2a97289206eddf079840c082d2dac50c65bf38	7354	82e3ef8ea4ae83982f64c1746a82324c773faf7c07847f62159eb58ba65fe537	assets/starter_species_67/source/pokemon/popplio.json
POPPLIO	728	front	graphics/pokedex/pokefront/0728.png	f6ae7e7af49a36e40cd5d0dea0573045eb98c3a9	779	96b1dcbbdc1198dc7b6b5b0f48704d9ff166968a4a25f21e0588e8c9949209dc	assets/starter_species_67/battle/normal/front/0728.png
POPPLIO	728	front_shiny	graphics/pokedex/pokefrontshiny/0728s.png	fd13248ca18f7e1b8ec47c89109185a9b40089e8	775	74137c8dabbce78bd95f01dd9c5cb675b943510ea005b185964b32a5f2169e0c	assets/starter_species_67/battle/shiny/front/0728.png
POPPLIO	728	icon	graphics/pokedex/pokeicon/0728.png	546f6edebafe963497ce97ec1681798322710fe7	472	adc996097533aa0a0f2b3669376b37e8dfaa73d636755bee927a9dcd607f0182	assets/starter_species_67/source/icons/normal/0728.png
POPPLIO	728	icon_shiny	graphics/pokedex/pokeicon/0728s.png	111419f760a57614893f1ff5eb0f38522119d11d	393	1ce052b9fb3e72d94468c1c62a39b52467ca945f97956997095b135977ad1809	assets/starter_species_67/source/icons/shiny/0728.png
BRIONNE	729	back	graphics/pokedex/pokeback/0729.png	69bd9802b3dfa95721263865ff74d91e85ae3580	903	25242d6c4557a59c1d9a8b9ebe7fc64f720580f61e9a177ef5b7788b2cf7c008	assets/starter_species_67/battle/normal/back/0729.png
BRIONNE	729	back_shiny	graphics/pokedex/pokebackshiny/0729s.png	b8600badc222c40fee925594d54f3d6cc9cbc018	899	13446155826f5bbff0e7139da50b2bd2e59596fa9ca870f7944fc061bfd4ca2c	assets/starter_species_67/battle/shiny/back/0729.png
BRIONNE	729	character	graphics/characters/0729.png	e58ebc60a8f79ec4a0ed209e3d779c7f77dd0326	2240	05d78e3bcb1530bbf9bfc63a1bbe481ada6245c1a3dc346faade216490baec8c	assets/starter_species_67/source/characters/normal/0729.png
BRIONNE	729	character_shiny	graphics/characters/0729s.png	d47f88ae5f0aeafc9b2be290551d29d60199b336	2239	2199e76ed9511e58162adbb4223d0c10e28ac4e744ea824d6ba79eb57987067f	assets/starter_species_67/source/characters/shiny/0729.png
BRIONNE	729	cry	audio/se/cries/0729.ogg	77990b6fb50337d181e861cf23dae406c131ab92	14144	1479360713476ca5b1dc4503af188f564bedb0d062ae7471e8ddab1f6a044c5f	assets/starter_species_67/cries/0729.ogg
BRIONNE	729	data	Data/Studio/pokemon/brionne.json	067d8b0a5d770277ba44ab7c4d12eb118726cdcf	7034	57799aea533c8ce374f7e5a0181fa91741bf4dce306ca0aecd7babf71b3e6553	assets/starter_species_67/source/pokemon/brionne.json
BRIONNE	729	front	graphics/pokedex/pokefront/0729.png	76d2a25d876fa7940656daf7afd6539deaaefc8c	1026	28cd39d2ae2bb6361680359e37295c9eeaa38b48a674abde04e75b856478794c	assets/starter_species_67/battle/normal/front/0729.png
BRIONNE	729	front_shiny	graphics/pokedex/pokefrontshiny/0729s.png	b322e63a01e3733fffe012c67b57a3171e4e8a5b	1017	cb83d0837706262deff79460f2eaa3923ebc0cc030ec3387405ffb5b261df055	assets/starter_species_67/battle/shiny/front/0729.png
BRIONNE	729	icon	graphics/pokedex/pokeicon/0729.png	a90b6cc0d0c219c2578ac31666b85067cc5aeeee	556	38e30a983dde5a7f09a50242b58b608c77d6db301be37f0d0be3403c475c09a9	assets/starter_species_67/source/icons/normal/0729.png
BRIONNE	729	icon_shiny	graphics/pokedex/pokeicon/0729s.png	8b6b1287e36f3c5e6a2777e7d0844d089e8d4a3b	472	3867cf6e43849c6133083d384d40265b3bf4746991133db509c6edee2b8906d9	assets/starter_species_67/source/icons/shiny/0729.png
PRIMARINA	730	back	graphics/pokedex/pokeback/0730.png	5f8178e4b63ca70bde13f9173e9e6dc8e9cb0609	1519	f97a3cde8403ceeeeeee38302378e9425a6de205a3b100cfe1e8d199ad5e3b92	assets/starter_species_67/battle/normal/back/0730.png
PRIMARINA	730	back_shiny	graphics/pokedex/pokebackshiny/0730s.png	1bba0bb168512ef4333ded7a0519726c3d6f4b6c	1516	4c39bd6bfbc6013986981d1923090e15884d6888a16070f9cdbd43079e285068	assets/starter_species_67/battle/shiny/back/0730.png
PRIMARINA	730	character	graphics/characters/0730.png	f344532cc8fa03d5320b90b3f23d247c3adc3630	3272	1dd8a07d2b55d0ecb28b03f1d9d653c18042d434bac6e9bda1c452e9294844e1	assets/starter_species_67/source/characters/normal/0730.png
PRIMARINA	730	character_shiny	graphics/characters/0730s.png	847f63fc71c05bb32f5b53783e2e904e175ffa63	3271	d6784bcb0e2a57c1a58f7399018f14250083dfab57ec3d1f0ee2f26866bb4470	assets/starter_species_67/source/characters/shiny/0730.png
PRIMARINA	730	cry	audio/se/cries/0730.ogg	23b72707aa4e1abf50cf6583bbadfe6704e604c2	16253	fb22fe4692794533276c3331834da8535b0d0bf8d3dfd398aa57f321f5d2c153	assets/starter_species_67/cries/0730.ogg
PRIMARINA	730	data	Data/Studio/pokemon/primarina.json	ad9a8e711b6f7481cbd37f7c54609b4c8d4ab1f8	8062	78fee48a3932195035c7f01fe48d3c5ae67e477f935930dc9c2dbfc750bccacf	assets/starter_species_67/source/pokemon/primarina.json
PRIMARINA	730	front	graphics/pokedex/pokefront/0730.png	5580b3221735546b12bd6010223c8c4f287e712f	1667	69dc21e79162048921683d8ee8834d4cc0ca09ac8d4deea15f78d5f7334cf238	assets/starter_species_67/battle/normal/front/0730.png
PRIMARINA	730	front_shiny	graphics/pokedex/pokefrontshiny/0730s.png	6017d33872ac9e6bd33b186cbdad1b4efc681782	1667	517d045b560ef0c5ae30f093013b2c97efe8f50f57112cbbd1ae052ef604276d	assets/starter_species_67/battle/shiny/front/0730.png
PRIMARINA	730	icon	graphics/pokedex/pokeicon/0730.png	cc915c4e978115d61b4b634ecaefa3335d06c9d1	669	44763cf931a86e94dfd65c3b1c8bc81e4ef7d5ade08897d139b55611170f663b	assets/starter_species_67/source/icons/normal/0730.png
PRIMARINA	730	icon_shiny	graphics/pokedex/pokeicon/0730s.png	29120e939f6820f9991fa375593334766c7ff720	621	a4f3cef482f5cd049712bebbc7e521e2e69c8a694a413bdfe99e51a75749d6c6	assets/starter_species_67/source/icons/shiny/0730.png
